#SampleID	OldMappingFile	Demul_name	BarcodeSequence	LinkerPrimerSequence	ng_ul	4_ng_DNA	H2O_ul	Run	Species	Name	SampleType	SampleTypeEdited	Sex	Feral	Phylogenetic_study	email	Kittybiome_participants	Sample_storage_study	Treatment	Day	Description
1006	1006	1006	AGCACGAGCCTA	YATGCTGCCTCCCGTAGGAGT	10.3	0.39	9.61	Kittybiome101	Domestic.cat	Starbuck	Fecal	Fecal		0	0	bender.sj@gmail.com	1	0			
1007	1007	1007	AGCACGAGCCTA	YATGCTGCCTCCCGTAGGAGT	1.23	3.25	6.75	Kittybiome101	Domestic.cat	Jack	Fecal	Fecal		0	0	ashleyttucker@gmail.com	1	0			
1011	1011	1011	AGCACGAGCCTA	YATGCTGCCTCCCGTAGGAGT	0.66	6.06	3.94	Kittybiome101	Domestic.cat		Fecal	Fecal		0	0	nathaniel.pearson@gmail.com	1	0			
1013	1013	1013	AGCACGAGCCTA	YATGCTGCCTCCCGTAGGAGT	12.1	0.33	9.67	Kittybiome101	Domestic.cat	Cali	Fecal	Fecal		0	0	megrua@gmail.com	1	0			
1014	1014	1014	AGCACGAGCCTA	YATGCTGCCTCCCGTAGGAGT	1.11	3.6	6.4	Kittybiome102	Domestic.cat	Cali	Fecal	Fecal		0	0	megrua@gmail.com	1	0			
1015	1015	1015	AGCACGAGCCTA	YATGCTGCCTCCCGTAGGAGT	1.56	2.56	7.44	Kittybiome101	Domestic.cat	Bunny	Fecal	Fecal		0	0	monica.harrer@gmail.com	1	0			
1018	1018	1018	AGCACGAGCCTA	YATGCTGCCTCCCGTAGGAGT	3.02	1.32	8.68	Kittybiome101	Domestic.cat	Luna	Fecal	Fecal		0	0	zehr.brad@gmail.com	1	0			
1019	1019	1019	AGCACGAGCCTA	YATGCTGCCTCCCGTAGGAGT	1.52	2.63	7.37	Kittybiome102	Domestic.cat	Penny 	Fecal	Fecal		0	0	scott.baker@charter.net	1	0			
1027	1027	1027	AGCACGAGCCTA	YATGCTGCCTCCCGTAGGAGT	1.66	2.41	7.59	Kittybiome102	Domestic.cat	Alexander	Fecal	Fecal		0	0	klwms50@gmail.com	1	0			
1030	1030	1030	AGCACGAGCCTA	YATGCTGCCTCCCGTAGGAGT	2.81	1.42	8.58	Kittybiome101	Domestic.cat	Walter	Fecal	Fecal		0	0	sparrowhawk359@yahoo.com	1	0			
1034	1034	1034	AGCACGAGCCTA	YATGCTGCCTCCCGTAGGAGT	20.8	0.19	9.81	Kittybiome101	Domestic.cat	Barnaby	Fecal	Fecal		0	0	aadevine@gmail.com	1	0			
1035	1035	1035	AGCACGAGCCTA	YATGCTGCCTCCCGTAGGAGT	8.23	0.49	9.51	Kittybiome101	Domestic.cat	Fluffy	Fecal	Fecal		0	0	skatermite@comcast.net	1	0			
1041	1041	1041	AGCACGAGCCTA	YATGCTGCCTCCCGTAGGAGT	2.98	1.34	8.66	Kittybiome102	Domestic.cat	Petri	Fecal	Fecal		0	0	kahny_martin@hotmail.com	1	0			
1045	1045	1045	AGCACGAGCCTA	YATGCTGCCTCCCGTAGGAGT	0.48	8.33	1.67	Kittybiome101	Domestic.cat	Missy	Fecal	Fecal		0	0	sameford@gmail.com	1	0			
1049	1049	1049	AGCACGAGCCTA	YATGCTGCCTCCCGTAGGAGT	4.23	0.95	9.05	Kittybiome102	Domestic.cat	Adso	Fecal	Fecal		0	0	saraelizabethcooper@gmail.com	1	0			
1050	1050	1050	AGCACGAGCCTA	YATGCTGCCTCCCGTAGGAGT	0.41	9.76	0.24	Kittybiome102	Domestic.cat	Adso	Fecal	Fecal		0	0	saraelizabethcooper@gmail.com	1	0			
1053	1053	1053	AGCACGAGCCTA	YATGCTGCCTCCCGTAGGAGT	1.23	3.25	6.75	Kittybiome101	Domestic.cat	Stanley	Fecal	Fecal		0	0	kevinaworkman@gmail.com	1	0			
1058	1058	1058	AGCACGAGCCTA	YATGCTGCCTCCCGTAGGAGT	3.76	1.06	8.94	Kittybiome101	Domestic.cat	Carl Rogers Dunn	Fecal	Fecal		0	0	leejdunn@gmail.com	1	0			
1059	1059	1059	AGCACGAGCCTA	YATGCTGCCTCCCGTAGGAGT	8.11	0.49	9.51	Kittybiome101	Domestic.cat	Felix	Fecal	Fecal		0	0	lisaannebrenner1@gmail.com	1	0			
1062	1062	1062	AGCACGAGCCTA	YATGCTGCCTCCCGTAGGAGT	0.87	4.6	5.4	Kittybiome101	Domestic.cat	Aria	Fecal	Fecal		0	0	carrierobin@gmail.com	1	0			
1063	1063	1063	AGCACGAGCCTA	YATGCTGCCTCCCGTAGGAGT	1.25	3.2	6.8	Kittybiome101	Domestic.cat	Candace	Fecal	Fecal		0	0	andrewdkilmer@gmail.com	1	0			
1065	1065	1065	AGCACGAGCCTA	YATGCTGCCTCCCGTAGGAGT	7.65	0.52	9.48	Kittybiome101	Domestic.cat	Rink Mickelson	Fecal	Fecal		0	0	nataliemoore80@gmail.com	1	0			
1069	1069	1069	AGCACGAGCCTA	YATGCTGCCTCCCGTAGGAGT	5.04	0.79	9.21	Kittybiome102	Domestic.cat	Stella Kitty	Fecal	Fecal		0	0	grace@eyedelic.com	1	0			
1071	1071	1071	AGCACGAGCCTA	YATGCTGCCTCCCGTAGGAGT	4.43	0.9	9.1	Kittybiome101	Domestic.cat	Gizmo	Fecal	Fecal		0	0	JonBWalsh@gmail.com	1	0			
1074	1074	1074	AGCACGAGCCTA	YATGCTGCCTCCCGTAGGAGT	9.98	0.4	9.6	Kittybiome101	Domestic.cat	Notorious Mr. Big	Fecal	Fecal		0	0	annba29@gmail.com	1	0			
1075	1075	1075	AGCACGAGCCTA	YATGCTGCCTCCCGTAGGAGT	6	0.67	9.33	Kittybiome101	Domestic.cat	Cleo	Fecal	Fecal		0	0	katie@alivetinyworld.com	1	0			
1076	1076	1076	AGCACGAGCCTA	YATGCTGCCTCCCGTAGGAGT	1.32	3.03	6.97	Kittybiome101	Domestic.cat	Cleo	Fecal	Fecal		0	0	katie@alivetinyworld.com	1	0			
1083	1083	1083	AGCACGAGCCTA	YATGCTGCCTCCCGTAGGAGT	21.9	0.18	9.82	Kittybiome101	Domestic.cat	Lewy	Fecal	Fecal		0	0	paulinekamath@gmail.com	1	0			
1089	1089	1089	AGCACGAGCCTA	YATGCTGCCTCCCGTAGGAGT	14.8	0.27	9.73	Kittybiome101	Domestic.cat	Snowflake	Fecal	Fecal		0	0	susan.fish@gmail.com	1	0			
1091	1091	1091	AGCACGAGCCTA	YATGCTGCCTCCCGTAGGAGT	3.04	1.32	8.68	Kittybiome101	Domestic.cat	The Great Googly Moogly	Fecal	Fecal		0	0	azlinds@q.com	1	0			
1093	1093	1093	AGCACGAGCCTA	YATGCTGCCTCCCGTAGGAGT	3.14	1.27	8.73	Kittybiome101	Domestic.cat	Mitzy	Fecal	Fecal		0	0	sandymurphey@gmail.com	1	0			
1096	1096	1096	AGCACGAGCCTA	YATGCTGCCTCCCGTAGGAGT	1.74	2.3	7.7	Kittybiome101	Domestic.cat		Fecal	Fecal		0	0	elinork@gmail.com	1	0			
1099	1099	1099	AGCACGAGCCTA	YATGCTGCCTCCCGTAGGAGT	0.966	4.14	5.86	Kittybiome102	Domestic.cat	Ava.The.Furbinator	Fecal	Fecal		0	0	josh@theoryevolution.com	1	0			
1101	1101	1101	AGCACGAGCCTA	YATGCTGCCTCCCGTAGGAGT	40.4	0.1	9.9	Kittybiome101	Domestic.cat	Beaker Snell	Fecal	Fecal		0	0	hoxxy@hotmail.com	1	0			
1102	1102	1102	AGCACGAGCCTA	YATGCTGCCTCCCGTAGGAGT	11.3	0.35	9.65	Kittybiome101	Domestic.cat	Beaker Snell	Fecal	Fecal		0	0	hoxxy@hotmail.com	1	0			
1124	1124	1124	AGCACGAGCCTA	YATGCTGCCTCCCGTAGGAGT	1.98	2.02	7.98	Kittybiome101	Domestic.cat	Danny	Fecal	Fecal		0	0	jennifer.gardy@bccdc.ca	1	0			
1128	1128	1128	AGCACGAGCCTA	YATGCTGCCTCCCGTAGGAGT	2.32	1.72	8.28	Kittybiome101	Domestic.cat	Precious	Fecal	Fecal		0	0	Eleanor.Clift@thedailybeast.com	1	0			
1130	1130	1130	AGCACGAGCCTA	YATGCTGCCTCCCGTAGGAGT	60.1	0.07	9.93	Kittybiome101	Domestic.cat	Kasha	Fecal	Fecal		0	0	yjansky@comcast.net	1	0			
1131	1131	1131	AGCACGAGCCTA	YATGCTGCCTCCCGTAGGAGT	10.9	0.37	9.63	Kittybiome102	Domestic.cat	Kasha	Fecal	Fecal		0	0	yjansky@comcast.net	1	0			
1132	1132	1132	AGCACGAGCCTA	YATGCTGCCTCCCGTAGGAGT	0.64	6.25	3.75	Kittybiome101	Domestic.cat	Katie Zimmer	Fecal	Fecal		0	0	gennette.other@gmail.com	1	0			
1136	1136	1136	AGCACGAGCCTA	YATGCTGCCTCCCGTAGGAGT	10.4	0.38	9.62	Kittybiome101	Domestic.cat		Fecal	Fecal		0	0	Catladyceramics@gmail.com	1	0			
1137	1137	1137	AGCACGAGCCTA	YATGCTGCCTCCCGTAGGAGT	13.9	0.29	9.71	Kittybiome102	Domestic.cat		Fecal	Fecal		0	0	Catladyceramics@gmail.com	1	0			
1138	1138	1138	AGCACGAGCCTA	YATGCTGCCTCCCGTAGGAGT	9.79	0.41	9.59	Kittybiome101	Domestic.cat		Fecal	Fecal		0	0	Catladyceramics@gmail.com	1	0			
1140	1140	1140	AGCACGAGCCTA	YATGCTGCCTCCCGTAGGAGT	0.65	6.15	3.85	Kittybiome101	Domestic.cat	Jack	Fecal	Fecal		0	0	connie@kittyblog.net	1	0			
1141	1141	1141	AGCACGAGCCTA	YATGCTGCCTCCCGTAGGAGT	1.6	2.5	7.5	Kittybiome101	Domestic.cat	Fleurp	Fecal	Fecal		0	0	connie@kittyblog.net	1	0			
1142	1142	1142	AGCACGAGCCTA	YATGCTGCCTCCCGTAGGAGT	3.15	1.27	8.73	Kittybiome101	Domestic.cat	Kit	Fecal	Fecal		0	0	connie@kittyblog.net	1	0			
1143	1143	1143	AGCACGAGCCTA	YATGCTGCCTCCCGTAGGAGT	0.78	5.13	4.87	Kittybiome101	Domestic.cat	Tweedle	Fecal	Fecal		0	0	connie@kittyblog.net	1	0			
1144	1144	1144	AGCACGAGCCTA	YATGCTGCCTCCCGTAGGAGT	2.75	1.45	8.55	Kittybiome101	Domestic.cat	Twee	Fecal	Fecal		0	0	connie@kittyblog.net	1	0			
1145	1145	1145	AGCACGAGCCTA	YATGCTGCCTCCCGTAGGAGT	7.98	0.5	9.5	Kittybiome101	Domestic.cat	Eli	Fecal	Fecal		0	0	connie@kittyblog.net	1	0			
1147	1147	1147	AGCACGAGCCTA	YATGCTGCCTCCCGTAGGAGT	9.11	0.44	9.56	Kittybiome101	Domestic.cat	Muffin	Fecal	Fecal		0	0	connie@kittyblog.net	1	0			
1148	1148	1148	AGCACGAGCCTA	YATGCTGCCTCCCGTAGGAGT	37.2	0.11	9.89	Kittybiome101	Domestic.cat	Skippy	Fecal	Fecal		0	0	connie@kittyblog.net	1	0			
1149	1149	1149	AGCACGAGCCTA	YATGCTGCCTCCCGTAGGAGT	15.5	0.26	9.74	Kittybiome101	Domestic.cat	Angelo	Fecal	Fecal		0	0	connie@kittyblog.net	1	0			
1160	1160	1160	AGCACGAGCCTA	YATGCTGCCTCCCGTAGGAGT	8.98	0.45	9.55	Kittybiome101	Domestic.cat	Kaspar	Fecal	Fecal		0	0	nataylor11@gmail.com	1	0			
1161	1161	1161	AGCACGAGCCTA	YATGCTGCCTCCCGTAGGAGT	18.2	0.22	9.78	Kittybiome101	Domestic.cat	Grover	Fecal	Fecal		0	0	nataylor11@gmail.com	1	0			
1162	1162	1162	AGCACGAGCCTA	YATGCTGCCTCCCGTAGGAGT	2.38	1.68	8.32	Kittybiome101	Domestic.cat	Haboob	Fecal	Fecal		0	0	nataylor11@gmail.com	1	0			
1174	1174	1174	AGCACGAGCCTA	YATGCTGCCTCCCGTAGGAGT	7.25	0.55	9.45	Kittybiome101	Domestic.cat	Pepper	Fecal	Fecal		0	0	blugoose@sbcglobal.net	1	0			
1177	1177	1177	AGCACGAGCCTA	YATGCTGCCTCCCGTAGGAGT	40.8	0.1	9.9	Kittybiome101	Domestic.cat	Madison Wayt	Fecal	Fecal		0	0	kaerrie@msn.com	1	0			
1178	1178	1178	AGCACGAGCCTA	YATGCTGCCTCCCGTAGGAGT	28.5	0.14	9.86	Kittybiome102	Domestic.cat		Fecal	Fecal		0	0	becky.oskin@gmail.com	1	0			
1180	1180	1180	AGCACGAGCCTA	YATGCTGCCTCCCGTAGGAGT	0.784	5.1	4.9	Kittybiome102	Domestic.cat	Glorfindel	Fecal	Fecal		0	0	baileyj@umn.edu	1	0			
1182	1182	1182	AGCACGAGCCTA	YATGCTGCCTCCCGTAGGAGT	14.3	0.28	9.72	Kittybiome101	Domestic.cat	Carlie Miller	Fecal	Fecal		0	0	colettenmiller@gmail.com	1	0			
1184	1184	1184	AGCACGAGCCTA	YATGCTGCCTCCCGTAGGAGT	32.9	0.12	9.88	Kittybiome101	Domestic.cat	Scout	Fecal	Fecal		0	0	daralesleyb@gmail.com	1	0			
1188	1188	1188	AGCACGAGCCTA	YATGCTGCCTCCCGTAGGAGT	3.97	1.01	8.99	Kittybiome101	Domestic.cat	Charlie	Fecal	Fecal		0	0	chofler@gmail.com	1	0			
1192	1192	1192	AGCACGAGCCTA	YATGCTGCCTCCCGTAGGAGT	15.5	0.26	9.74	Kittybiome102	Domestic.cat	Mad Eye Moody Hrenchir	Fecal	Fecal		0	0	dr.hrenchir@comcast.net	1	0			
1203	1203	1203	AGCACGAGCCTA	YATGCTGCCTCCCGTAGGAGT	1.55	2.58	7.42	Kittybiome101	Domestic.cat	Gus	Fecal	Fecal		0	0	jeffreyrucker@hotmail.com	1	0			
1204	1204	1204	AGCACGAGCCTA	YATGCTGCCTCCCGTAGGAGT	4.04	0.99	9.01	Kittybiome101	Domestic.cat	Louie	Fecal	Fecal		0	0	heather.schrader@att.net	1	0			
1205	1205	1205	AGCACGAGCCTA	YATGCTGCCTCCCGTAGGAGT	0.42	9.5	0.5	Kittybiome101	Domestic.cat	Clio	Fecal	Fecal		0	0	slelliott@smcm.edu	1	0			
1206	1206	1206	AGCACGAGCCTA	YATGCTGCCTCCCGTAGGAGT	0.93	4.32	5.68	Kittybiome101	Domestic.cat	Luna	Fecal	Fecal		0	0	slelliott@smcm.edu	1	0			
1208	1208	1208	AGCACGAGCCTA	YATGCTGCCTCCCGTAGGAGT	17	0.24	9.76	Kittybiome102	Domestic.cat	Budgie Smuggler	Fecal	Fecal		0	0	tehpetisacat@gmail.com	1	0			
1210	1210	1210	AGCACGAGCCTA	YATGCTGCCTCCCGTAGGAGT	21.1	0.19	9.81	Kittybiome102	Domestic.cat	Jammie Dodgers	Fecal	Fecal		0	0	tehpetisacat@gmail.com	1	0			
1211	1211	1211	AGCACGAGCCTA	YATGCTGCCTCCCGTAGGAGT	4.69	0.85	9.15	Kittybiome102	Domestic.cat	SFZOOSamples	Fecal	Fecal		0	1		1	0			
1212	1212	1212	AGCACGAGCCTA	YATGCTGCCTCCCGTAGGAGT	6.23	0.64	9.36	Kittybiome102	Domestic.cat	SFZOOSamples	Fecal	Fecal		0	1		1	0			
1213	1213	1213	AGCACGAGCCTA	YATGCTGCCTCCCGTAGGAGT	1.61	2.48	7.52	Kittybiome102	Domestic.cat	SFZOOSamples	Fecal	Fecal		0	1		1	0			
1227	1227	1227	AGCACGAGCCTA	YATGCTGCCTCCCGTAGGAGT	3.2	1.25	8.75	Kittybiome101	Domestic.cat	Ernie	Fecal	Fecal		0	0	michelle@michellelynngill.com	1	0			
1229	1229	1229	AGCACGAGCCTA	YATGCTGCCTCCCGTAGGAGT	6.2	0.65	9.35	Kittybiome101	Domestic.cat	Isis Hazelnut Pickles	Fecal	Fecal		0	0	lmtuhela@owu.edu	1	0			
1230	1230	1230	AGCACGAGCCTA	YATGCTGCCTCCCGTAGGAGT	15.7	0.25	9.75	Kittybiome101	Domestic.cat	LoLa Mae Lu, the Duchess of Cattbutt, Her Royal Hiney-ness	Fecal	Fecal		0	0	lmtuhela@owu.edu	1	0			
1231	1231	1231	AGCACGAGCCTA	YATGCTGCCTCCCGTAGGAGT	14.4	0.28	9.72	Kittybiome101	Domestic.cat	Sir Winston Basil of Westporch	Fecal	Fecal		0	0	lmtuhela@owu.edu	1	0			
1249	1249	1249	AGCACGAGCCTA	YATGCTGCCTCCCGTAGGAGT	15.1	0.26	9.74	Kittybiome101	Domestic.cat		Fecal	Fecal		0	0	maliadong@gmail.com	1	0			
1250	1250	1250	AGCACGAGCCTA	YATGCTGCCTCCCGTAGGAGT	0.59	6.78	3.22	Kittybiome101	Domestic.cat		Fecal	Fecal		0	0	maliadong@gmail.com	1	0			
1251	1251	1251	AGCACGAGCCTA	YATGCTGCCTCCCGTAGGAGT	3.45	1.16	8.84	Kittybiome101	Domestic.cat	Ferus	Fecal	Fecal		0	0	kerrigan.gilbert@gmail.com	1	0			
1269	1269	1269	AGCACGAGCCTA	YATGCTGCCTCCCGTAGGAGT	20	0.2	9.8	Kittybiome101	Domestic.cat	Pj	Fecal	Fecal		0	0	jehannine@gmail.com	1	0			
1270	1270	1270	AGCACGAGCCTA	YATGCTGCCTCCCGTAGGAGT	2.15	1.86	8.14	Kittybiome101	Domestic.cat	Pippin	Fecal	Fecal		0	0	jehannine@gmail.com	1	0			
1271	1271	1271	AGCACGAGCCTA	YATGCTGCCTCCCGTAGGAGT	8.06	0.5	9.5	Kittybiome101	Domestic.cat	Max	Fecal	Fecal		0	0	jehannine@gmail.com	1	0			
1282	1282	1282	AGCACGAGCCTA	YATGCTGCCTCCCGTAGGAGT	3.07	1.3	8.7	Kittybiome101	Domestic.cat	Orac	Fecal	Fecal		0	0	mel@servalan.net	1	0			
1288	1288	1288	AGCACGAGCCTA	YATGCTGCCTCCCGTAGGAGT	3.33	1.2	8.8	Kittybiome101	Domestic.cat	Spoon	Fecal	Fecal		0	0	brinkman@sfu.ca	1	0			
1290	1290	1290	AGCACGAGCCTA	YATGCTGCCTCCCGTAGGAGT	1.06	3.77	6.23	Kittybiome102	Domestic.cat	Peppa	Fecal	Fecal		0	0	rachel.j.dutton@gmail.com	1	0			
1291	1291	1291	AGCACGAGCCTA	YATGCTGCCTCCCGTAGGAGT	1.78	2.25	7.75	Kittybiome102	Domestic.cat	Peppa	Fecal	Fecal		0	0	rachel.j.dutton@gmail.com	1	0			
1298	1298	1298	AGCACGAGCCTA	YATGCTGCCTCCCGTAGGAGT	21.3	0.19	9.81	Kittybiome101	Domestic.cat	Phoenix	Fecal	Fecal		0	0	sukhangcheng@gmail.com	1	0			
1299	1299	1299	AGCACGAGCCTA	YATGCTGCCTCCCGTAGGAGT	7.06	0.57	9.43	Kittybiome101	Domestic.cat	Chak	Fecal	Fecal		0	0	sukhangcheng@gmail.com	1	0			
1300	1300	1300	AGCACGAGCCTA	YATGCTGCCTCCCGTAGGAGT	7.28	0.55	9.45	Kittybiome101	Domestic.cat	Ting	Fecal	Fecal		0	0	sukhangcheng@gmail.com	1	0			
1328	1328	1328	AGCACGAGCCTA	YATGCTGCCTCCCGTAGGAGT	1.93	2.07	7.93	Kittybiome101	Domestic.cat	THE CATT	Fecal	Fecal		0	0	amb26catt@ponder.org.uk	1	0			
1341	1341	1341	AGCACGAGCCTA	YATGCTGCCTCCCGTAGGAGT	2.18	1.83	8.17	Kittybiome102	Domestic.cat		Fecal	Fecal		0	0	wooalexander@gmail.com	1	0			
1343	1343	1343	AGCACGAGCCTA	YATGCTGCCTCCCGTAGGAGT	0.21	18.96	0.0	Kittybiome102	Domestic.cat	Greystoke	Fecal	Fecal		0	0	terry.whitehead@ymail.com	1	0			
1350	1350	1350	AGCACGAGCCTA	YATGCTGCCTCCCGTAGGAGT	9.34	0.43	9.57	Kittybiome102	Domestic.cat	Ace	Fecal	Fecal		0	0	gnobal@hotmail.com	1	0			
1351	1351	1351	AGCACGAGCCTA	YATGCTGCCTCCCGTAGGAGT	0.99	4.04	5.96	Kittybiome101	Domestic.cat	Nougat	Fecal	Fecal		0	0	tyl0714@gmail.com	1	0			
1354	1354	1354	AGCACGAGCCTA	YATGCTGCCTCCCGTAGGAGT	3.36	1.19	8.81	Kittybiome102	Domestic.cat		Fecal	Fecal		0	0	kwanie@gmail.com	1	0			
1355	1355	1355	AGCACGAGCCTA	YATGCTGCCTCCCGTAGGAGT	2.25	1.78	8.22	Kittybiome102	Domestic.cat		Fecal	Fecal		0	0	kwanie@gmail.com	1	0			
1356	1356	1356	AGCACGAGCCTA	YATGCTGCCTCCCGTAGGAGT	32	0.13	9.88	Kittybiome102	Domestic.cat	Olive	Fecal	Fecal		0	0	bvester2@gmail.com	1	0			
1360	1360	1360	AGCACGAGCCTA	YATGCTGCCTCCCGTAGGAGT	5.3	0.75	9.25	Kittybiome102	Domestic.cat	Percy	Fecal	Fecal		0	0	micheleley@gmail.com	1	0			
1363	1363	1363	AGCACGAGCCTA	YATGCTGCCTCCCGTAGGAGT	22	0.18	9.82	Kittybiome102	Domestic.cat	Fiona	Fecal	Fecal		0	0	nataylor11@gmail.com	1	0			
100..EtOH..1	100..EtOH..1	100%.EtOH.#1	AGCACGAGCCTA	YATGCTGCCTCCCGTAGGAGT	2.02	1.98	8.02	Kittybiome102	Snow leopard	Snow leopard	Fecal	Fecal		0	1		0	1	100etoh	4.0	
100..EtOH..2	100..EtOH..2	100%.EtOH.#2	AGCACGAGCCTA	YATGCTGCCTCCCGTAGGAGT	1.13	3.54	6.46	Kittybiome102	Snow leopard	Snow leopard	Fecal	Fecal		0	1		0	1	100etoh	4.0	
70..EtOH..1	70..EtOH..1	70%.EtOH.#1	AGCACGAGCCTA	YATGCTGCCTCCCGTAGGAGT	1.34	2.99	7.01	Kittybiome102	Snow leopard	Snow leopard	Fecal	Fecal		0	1		0	1	70etoh	4.0	
70..EtOH..2	70..EtOH..2	70%.EtOH.#2	AGCACGAGCCTA	YATGCTGCCTCCCGTAGGAGT	1.86	2.15	7.85	Kittybiome102	Snow leopard	Snow leopard	Fecal	Fecal		0	1		0	1	70etoh	4.0	
A1.15	A1.15	A10-15	AGCACGAGCCTA	YATGCTGCCTCCCGTAGGAGT	0.3	13.33	0.0	Kittybiome102	Lion	Shenzi	Rectal	Rectal		0	1		0	0			
A10.15	A10.15	A102-15	AGCACGAGCCTA	YATGCTGCCTCCCGTAGGAGT	5.54	0.72	9.28	Kittybiome102	Lion	Shenzi	R anal etoh	Anal		0	1		0	0			
A100.15	A100.15	A100-15	AGCACGAGCCTA	YATGCTGCCTCCCGTAGGAGT	0.35	11.43	0.0	Kittybiome101	Cheetah 	Ruff	R anal etoh	Anal	Male	0	1		0	0			
A102.15	A102.15	A108-15	AGCACGAGCCTA	YATGCTGCCTCCCGTAGGAGT	22.75	0.18	9.82	Kittybiome102	Cheetah 	Ruff	R anal saline	Anal	Male	0	1		0	0			
A103.15	A103.15	A103-15	AGCACGAGCCTA	YATGCTGCCTCCCGTAGGAGT	14	0.29	9.71	Kittybiome101	Cheetah 	Ruff	Gastric	Gastric	Male	0	1		0	0			
A104.15	A104.15	A104-15	AGCACGAGCCTA	YATGCTGCCTCCCGTAGGAGT	48.6	0.08	9.92	Kittybiome101	Cheetah 	Spitfire	Fecal	Fecal	Male	0	1		0	0			
A105.15	A105.15	A105-15	AGCACGAGCCTA	YATGCTGCCTCCCGTAGGAGT	38	0.11	9.89	Kittybiome101	Cheetah 	Dash	Rectal	Rectal	Female 	0	1		0	0			
A106.15	A106.15	A106-15	AGCACGAGCCTA	YATGCTGCCTCCCGTAGGAGT	0.1	40.0	0.0	Kittybiome101	Cheetah 	Tumble	Rectal	Rectal	Male	0	1		0	0			
A108.15	A108.15	A110-15	AGCACGAGCCTA	YATGCTGCCTCCCGTAGGAGT	too low	40.0	0.0	Kittybiome102	Cheetah 	Dash	R anal etoh	Anal	Female 	0	1		0	0			
A110.15	A110.15	A1-15	AGCACGAGCCTA	YATGCTGCCTCCCGTAGGAGT	29	0.14	9.86	Kittybiome102	Cheetah 	Dash	R anal saline	Anal	Female 	0	1		0	0			
A111.15	A111.15	A111-15	AGCACGAGCCTA	YATGCTGCCTCCCGTAGGAGT	0.1	40.0	0.0	Kittybiome101	Cheetah 	Dash	Gastric	Gastric	Female 	0	1		0	0			
A113.15	A113.15	A113-15	AGCACGAGCCTA	YATGCTGCCTCCCGTAGGAGT	0.47	8.51	1.49	Kittybiome101	Cheetah 	Tumble	R anal etoh	Anal	Male	0	1		0	0			
A115	A115	A115	AGCACGAGCCTA	YATGCTGCCTCCCGTAGGAGT	41.7	0.1	9.9	Kittybiome101						0	1		0	0			
A117F.15	A117F.15	A117F-15	AGCACGAGCCTA	YATGCTGCCTCCCGTAGGAGT	6.5	0.62	9.38	Kittybiome101	Cheetah 	Tumble	Fecal	Fecal	Male	0	1		0	0			
A117R.15	A117R.15	A117R-15	AGCACGAGCCTA	YATGCTGCCTCCCGTAGGAGT	15.3	0.26	9.74	Kittybiome101	Leopard	Wahoo	Rectal	Rectal	Male	0	1		0	0			
A118.15	A118.15	A118-15	AGCACGAGCCTA	YATGCTGCCTCCCGTAGGAGT	3.9	1.03	8.97	Kittybiome101	Leopard	Wahoo	L anal etoh	Anal	Male	0	1		0	0			
A12.15	A12.15	A12-15	AGCACGAGCCTA	YATGCTGCCTCCCGTAGGAGT	17	0.24	9.76	Kittybiome102	Wild dog 	Robin	Rectal	Rectal	Female	0	1		0	0			
A120.15	A120.15	A120-15	AGCACGAGCCTA	YATGCTGCCTCCCGTAGGAGT	1.32	3.03	6.97	Kittybiome101	Leopard	Wahoo	R anal etoh	Anal	Male	0	1		0	0			
A122.15	A122.15	A122-15	AGCACGAGCCTA	YATGCTGCCTCCCGTAGGAGT	3.3	1.21	8.79	Kittybiome101	Leopard	Wahoo	Fecal	Fecal	Male	0	1		0	0			
A123.15	A123.15	A123-15	AGCACGAGCCTA	YATGCTGCCTCCCGTAGGAGT	0.97	4.12	5.88	Kittybiome101	Cheetah 	Nip	Rectal	Rectal	Female 	0	1		0	0			
A124.15	A124.15	A124-15	AGCACGAGCCTA	YATGCTGCCTCCCGTAGGAGT	18.6	0.22	9.78	Kittybiome101	Cheetah 	Sam	Rectal	Rectal	Male	0	1		0	0			
A125.15	A125.15	A125-15	AGCACGAGCCTA	YATGCTGCCTCCCGTAGGAGT	0.1	40.0	0.0	Kittybiome101	Cheetah 	Nip	L anal etoh	Anal	Female 	0	1		0	0			
A127.15	A127.15	A127-15	AGCACGAGCCTA	YATGCTGCCTCCCGTAGGAGT	0.1	40.0	0.0	Kittybiome101	Cheetah 	Nip	R anal etoh	Anal	Female 	0	1		0	0			
A129.15	A129.15	A129-15	AGCACGAGCCTA	YATGCTGCCTCCCGTAGGAGT	44.2	0.09	9.91	Kittybiome102	Cheetah 	Nip	Gastric	Gastric	Female 	0	1		0	0			
A130.15	A130.15	A130-15	AGCACGAGCCTA	YATGCTGCCTCCCGTAGGAGT	0.1	40.0	0.0	Kittybiome101	Cheetah 	Sam	L anal etoh	Anal	Male	0	1		0	0			
A132.15	A132.15	A132-15	AGCACGAGCCTA	YATGCTGCCTCCCGTAGGAGT	0.1	40.0	0.0	Kittybiome101	Cheetah 	Sam	R anal etoh	Anal	Male	0	1		0	0			
A136.15	A136.15	A136-15	AGCACGAGCCTA	YATGCTGCCTCCCGTAGGAGT	0.11	36.36	0.0	Kittybiome101	Cheetah 	Savanna	Rectal	Rectal	Female	0	1		0	0			
A137	A137	A137	AGCACGAGCCTA	YATGCTGCCTCCCGTAGGAGT	0.13	30.77	0.0	Kittybiome101	Cheetah 	Scamp	Rectal	Rectal	Male	0	1		0	0			
A138	A138	A138	AGCACGAGCCTA	YATGCTGCCTCCCGTAGGAGT	0.16	25.0	0.0	Kittybiome101	Cheetah 	Scamp	L anal etoh	Anal	Male	0	1		0	0			
A139	A139	A139	AGCACGAGCCTA	YATGCTGCCTCCCGTAGGAGT	0.12	33.33	0.0	Kittybiome101	Cheetah 	Scamp	L anal etoh	Anal	Male	0	1		0	0			
A14.15	A14.15	A14-15	AGCACGAGCCTA	YATGCTGCCTCCCGTAGGAGT	23.8	0.17	9.83	Kittybiome102	Wild dog 	Messi	Rectal	Rectal	Male	0	1		0	0			
A141	A141	A141	AGCACGAGCCTA	YATGCTGCCTCCCGTAGGAGT	0.55	7.27	2.73	Kittybiome101	Cheetah 	Scamp	R anal etoh	Anal	Male	0	1		0	0			
A144	A144	A144	AGCACGAGCCTA	YATGCTGCCTCCCGTAGGAGT	1.24	3.23	6.77	Kittybiome101	Cheetah 	Tuc	Rectal	Rectal	Male	0	1		0	0			
A145	A145	A145	AGCACGAGCCTA	YATGCTGCCTCCCGTAGGAGT	3	1.33	8.67	Kittybiome101	Cheetah 	Tuc	L anal etoh	Anal	Male	0	1		0	0			
A147	A147	A147	AGCACGAGCCTA	YATGCTGCCTCCCGTAGGAGT	0.1	40.0	0.0	Kittybiome101	Cheetah 	Tuc	R anal etoh	Anal	Male	0	1		0	0			
A15.15	A15.15	A15-15	AGCACGAGCCTA	YATGCTGCCTCCCGTAGGAGT	1.08	3.7	6.3	Kittybiome102	Wild dog 	Jogi	Rectal	Rectal	Male	0	1		0	0			
A150	A150	A150	AGCACGAGCCTA	YATGCTGCCTCCCGTAGGAGT	1.1	3.64	6.36	Kittybiome101	Cheetah 	Tuc	Fecal	Fecal	Male	0	1		0	0			
A151	A151	A151	AGCACGAGCCTA	YATGCTGCCTCCCGTAGGAGT	1.1	3.64	6.36	Kittybiome101	Cheetah 	Scamp	Fecal	Fecal	Male	0	1		0	0			
A152	A152	A152	AGCACGAGCCTA	YATGCTGCCTCCCGTAGGAGT	1.1	3.64	6.36	Kittybiome101	Cheetah 	Savanna	L anal etoh	Anal	Female	0	1		0	0			
A154	A154	A154	AGCACGAGCCTA	YATGCTGCCTCCCGTAGGAGT	0.1	40.0	0.0	Kittybiome101	Cheetah 	Savanna	R anal etoh	Anal	Female	0	1		0	0			
A158	A158	A158	AGCACGAGCCTA	YATGCTGCCTCCCGTAGGAGT	0.12	33.33	0.0	Kittybiome101	Cheetah 	Gomez	Rectal	Rectal	Male	0	1		0	0			
A16.15	A16.15	A16-15	AGCACGAGCCTA	YATGCTGCCTCCCGTAGGAGT	0.35	11.43	0.0	Kittybiome102	Wild dog 	Robin	L anal etoh	Anal	Female	0	1		0	0			
A160	A160	A160	AGCACGAGCCTA	YATGCTGCCTCCCGTAGGAGT	0.14	28.57	0.0	Kittybiome101	Cheetah 	Pugsley	L anal etoh	Anal	Male	0	1		0	0			
A162	A162	A162	AGCACGAGCCTA	YATGCTGCCTCCCGTAGGAGT	0.1	40.0	0.0	Kittybiome101	Cheetah 	Pugsley	R anal etoh	Anal	Male	0	1		0	0			
A165	A165	A165	AGCACGAGCCTA	YATGCTGCCTCCCGTAGGAGT	6	0.67	9.33	Kittybiome101	Cheetah 	Pugsley	Fecal	Fecal	Male	0	1		0	0			
A17.15	A17.15	A17-15	AGCACGAGCCTA	YATGCTGCCTCCCGTAGGAGT	0.391	10.23	0.0	Kittybiome102	Wild dog 	Robin	R anal etoh	Anal	Female	0	1		0	0			
A170	A170	A170	AGCACGAGCCTA	YATGCTGCCTCCCGTAGGAGT	6.1	0.66	9.34	Kittybiome101	Cheetah 	Gomez	Fecal	Fecal	Male	0	1		0	0			
A171	A171	A171	AGCACGAGCCTA	YATGCTGCCTCCCGTAGGAGT	1	4.0	6.0	Kittybiome101	Lion	Shavula	Rectal	Rectal	Male	0	1		0	0			
A172	A172	A172	AGCACGAGCCTA	YATGCTGCCTCCCGTAGGAGT	0.28	14.29	0.0	Kittybiome101	Lion	Thimba	Rectal	Rectal	Male	0	1		0	0			
A173	A173	A173	AGCACGAGCCTA	YATGCTGCCTCCCGTAGGAGT	0.1	40.0	0.0	Kittybiome101	Lion	Thimba	L anal etoh	Anal	Male	0	1		0	0			
A178	A178	A178	AGCACGAGCCTA	YATGCTGCCTCCCGTAGGAGT	0.52	7.69	0.0	Kittybiome101	Lion	Shavula	L anal etoh	Anal	Male	0	1		0	0			
A180	A180	A180	AGCACGAGCCTA	YATGCTGCCTCCCGTAGGAGT	0.52	7.69	2.31	Kittybiome101	Lion	Shavula	R anal etoh	Anal	Male	0	1		0	0			
A182	A182	A182	AGCACGAGCCTA	YATGCTGCCTCCCGTAGGAGT	4.8	0.83	9.17	Kittybiome101	Lion	Shavula	Fecal	Fecal	Male	0	1		0	0			
A183	A183	A183	AGCACGAGCCTA	YATGCTGCCTCCCGTAGGAGT	2.87	1.39	8.61	Kittybiome101	Cheetah	Swakop	Rectal	Rectal	Male	0	1		0	0			
A184	A184	A184	AGCACGAGCCTA	YATGCTGCCTCCCGTAGGAGT	0.16	25.0	0.0	Kittybiome101	Cheetah	Mundi	Rectal	Rectal	Female	0	1		0	0			
A185	A185	A185	AGCACGAGCCTA	YATGCTGCCTCCCGTAGGAGT	0.75	5.33	4.67	Kittybiome101	Cheetah	Mundi	L anal etoh	Anal	Female	0	1		0	0			
A187	A187	A187	AGCACGAGCCTA	YATGCTGCCTCCCGTAGGAGT	0.48	8.33	1.67	Kittybiome101	Cheetah	Mundi	R anal etoh	Anal	Female	0	1		0	0			
A188	A188	A188	AGCACGAGCCTA	YATGCTGCCTCCCGTAGGAGT	2.4	1.67	8.33	Kittybiome101	Cheetah	Mundi	Fecal	Fecal	Female	0	1		0	0			
A189	A189	A189	AGCACGAGCCTA	YATGCTGCCTCCCGTAGGAGT	2	2.0	8.0	Kittybiome101	Cheetah	Swakop	L anal etoh	Anal	Male	0	1		0	0			
A19.15	A19.15	A19-15	AGCACGAGCCTA	YATGCTGCCTCCCGTAGGAGT	5.14	0.78	9.22	Kittybiome102	Wild dog 	Messi	L anal etoh	Anal	Male	0	1		0	0			
A191	A191	A191	AGCACGAGCCTA	YATGCTGCCTCCCGTAGGAGT	2.84	1.41	8.59	Kittybiome101	Cheetah	Swakop	R anal etoh	Anal	Male	0	1		0	0			
A193	A193	A193	AGCACGAGCCTA	YATGCTGCCTCCCGTAGGAGT	30.2	0.13	9.87	Kittybiome101	Cheetah	Swakop	Fecal	Fecal	Male	0	1		0	0			
A194	A194	A194	AGCACGAGCCTA	YATGCTGCCTCCCGTAGGAGT	1.21	3.31	6.69	Kittybiome101	Cheetah	Coco	Rectal	Rectal	Female	0	1		0	0			
A195	A195	A195	AGCACGAGCCTA	YATGCTGCCTCCCGTAGGAGT	2.48	1.61	8.39	Kittybiome101	Cheetah	Bones	Rectal	Rectal	Male	0	1		0	0			
A196	A196	A196	AGCACGAGCCTA	YATGCTGCCTCCCGTAGGAGT	1.91	2.09	7.91	Kittybiome101	Cheetah	Spud	Rectal	Rectal	Male	0	1		0	0			
A198	A198	A198	AGCACGAGCCTA	YATGCTGCCTCCCGTAGGAGT	0.1	40.0	0.0	Kittybiome101	Cheetah	Bones	L anal etoh	Anal	Male	0	1		0	0			
A199	A199	A199	AGCACGAGCCTA	YATGCTGCCTCCCGTAGGAGT	0.37	10.81	0.0	Kittybiome101	Cheetah	Bones	R anal etoh	Anal	Male	0	1		0	0			
A2.15	A2.15	A21-15	AGCACGAGCCTA	YATGCTGCCTCCCGTAGGAGT	0.344	11.63	0.0	Kittybiome102	Lion	Kilimanjaro	Rectal	Rectal	Male	0	1		0	0			
A200	A200	A200	AGCACGAGCCTA	YATGCTGCCTCCCGTAGGAGT	2.2	1.82	8.18	Kittybiome101	Cheetah	Bones	Fecal	Fecal	Male	0	1		0	0			
A201	A201	A201	AGCACGAGCCTA	YATGCTGCCTCCCGTAGGAGT	0.2	20.0	0.0	Kittybiome101	Cheetah	Coco	L anal etoh	Anal	Female	0	1		0	0			
A203	A203	A203	AGCACGAGCCTA	YATGCTGCCTCCCGTAGGAGT	1.28	3.13	6.88	Kittybiome101	Cheetah	Coco	R anal etoh	Anal	Female	0	1		0	0			
A205	A205	A205	AGCACGAGCCTA	YATGCTGCCTCCCGTAGGAGT	0.34	11.76	0.0	Kittybiome101	Cheetah	Coco	Fecal	Fecal	Female	0	1		0	0			
A21.15	A21.15	A2-15	AGCACGAGCCTA	YATGCTGCCTCCCGTAGGAGT	12.7	0.31	9.69	Kittybiome102	Wild dog 	Messi	R anal etoh	Anal	Male	0	1		0	0			
A210	A210	A210	AGCACGAGCCTA	YATGCTGCCTCCCGTAGGAGT	7	0.57	9.43	Kittybiome101	Cheetah	Spud	Fecal	Fecal	Male	0	1		0	0			
A211	A211	A211	AGCACGAGCCTA	YATGCTGCCTCCCGTAGGAGT	0.1	40.0	0.0	Kittybiome101	Wild dog	Ricki	Rectal	Rectal	Male	0	1		0	0			
A212	A212	A212	AGCACGAGCCTA	YATGCTGCCTCCCGTAGGAGT	4.3	0.93	9.07	Kittybiome101	Wild dog	Ricki	L anal etoh	Anal	Male	0	1		0	0			
A213	A213	A213	AGCACGAGCCTA	YATGCTGCCTCCCGTAGGAGT	0.1	40.0	0.0	Kittybiome101	Wild dog	Rain	Rectal	Rectal	Female	0	1		0	0			
A214	A214	A214	AGCACGAGCCTA	YATGCTGCCTCCCGTAGGAGT	0.82	4.88	5.12	Kittybiome101	Wild dog	Rain	L anal etoh	Anal	Female	0	1		0	0			
A216	A216	A216	AGCACGAGCCTA	YATGCTGCCTCCCGTAGGAGT	7.38	0.54	9.46	Kittybiome101	Wild dog	Rain	R anal etoh	Anal	Female	0	1		0	0			
A218	A218	A218	AGCACGAGCCTA	YATGCTGCCTCCCGTAGGAGT	1.6	2.5	7.5	Kittybiome101	Wild dog	Rain	Fecal	Fecal	Female	0	1		0	0			
A219	A219	A219	AGCACGAGCCTA	YATGCTGCCTCCCGTAGGAGT	3.4	1.18	8.82	Kittybiome101	Wild dog	Ricki	L anal etoh	Anal	Male	0	1		0	0			
A219.2		A219.2	AGCACGAGCCTA	YATGCTGCCTCCCGTAGGAGT	0.76	5.26	4.74	Kittybiome101	Wild dog	Ricki	L anal etoh	Anal	Male	0	1		0	0			
A221	A221	A221	AGCACGAGCCTA	YATGCTGCCTCCCGTAGGAGT	9.17	0.44	9.56	Kittybiome101	Wild dog	Ricki	R anal etoh	Anal	Male	0	1		0	0			
A223	A223	A223	AGCACGAGCCTA	YATGCTGCCTCCCGTAGGAGT	1.3	3.08	6.92	Kittybiome101	Wild dog	Rain	L anal etoh	Anal	Female	0	1		0	0			
A225	A225	A225	AGCACGAGCCTA	YATGCTGCCTCCCGTAGGAGT	0.6	6.67	3.33	Kittybiome101	Cheetah	Bubbles	Rectal	Rectal	Male	0	1		0	0			
A226	A226	A226	AGCACGAGCCTA	YATGCTGCCTCCCGTAGGAGT	5.75	0.7	9.3	Kittybiome101	Cheetah	Abbey	Rectal	Rectal	Female	0	1		0	0			
A227	A227	A227	AGCACGAGCCTA	YATGCTGCCTCCCGTAGGAGT	0.11	36.36	0.0	Kittybiome101	Cheetah	Bubbles	L anal etoh	Anal	Male	0	1		0	0			
A229	A229	A229	AGCACGAGCCTA	YATGCTGCCTCCCGTAGGAGT	0.43	9.3	0.7	Kittybiome101	Cheetah	Bubbles	R anal etoh	Anal	Male	0	1		0	0			
A23.15	A23.15	A23-15	AGCACGAGCCTA	YATGCTGCCTCCCGTAGGAGT	91.4	0.04	9.96	Kittybiome102	Wild dog 	Messi	Fecal	Fecal	Male	0	1		0	0			
A237	A237	A237	AGCACGAGCCTA	YATGCTGCCTCCCGTAGGAGT	0.69	5.8	4.2	Kittybiome101	Cheetah	Abbey	Fecal	Fecal	Female	0	1		0	0			
A238	A238	A238	AGCACGAGCCTA	YATGCTGCCTCCCGTAGGAGT	5.43	0.74	9.26	Kittybiome101	Cheetah	Mulder	Rectal	Rectal	Male	0	1		0	0			
A239	A239	A239	AGCACGAGCCTA	YATGCTGCCTCCCGTAGGAGT	0.28	14.29	0.0	Kittybiome101	Cheetah	Mulder	L anal etoh	Anal	Male	0	1		0	0			
A24.15	A24.15	A24-15	AGCACGAGCCTA	YATGCTGCCTCCCGTAGGAGT	60.4	0.07	9.93	Kittybiome102	Wild dog 	Jogi	L anal etoh	Anal	Male	0	1		0	0			
A241	A241	A241	AGCACGAGCCTA	YATGCTGCCTCCCGTAGGAGT	0.1	40.0	0.0	Kittybiome101	Cheetah	Mulder	R anal etoh	Anal	Male	0	1		0	0			
A244	A244	A244	AGCACGAGCCTA	YATGCTGCCTCCCGTAGGAGT	87.2	0.05	9.95	Kittybiome101	Cheetah	Mulder	Fecal	Fecal	Male	0	1		0	0			
A245	A245	A245	AGCACGAGCCTA	YATGCTGCCTCCCGTAGGAGT	0.75	5.33	4.67	Kittybiome101	Leopard	Shanti	Rectal	Rectal	Female	0	1		0	0			
A246	A246	A246	AGCACGAGCCTA	YATGCTGCCTCCCGTAGGAGT	0.1	40.0	0.0	Kittybiome101	Leopard	Shanti	L anal etoh	Anal	Female	0	1		0	0			
A248	A248	A248	AGCACGAGCCTA	YATGCTGCCTCCCGTAGGAGT	0.1	40.0	0.0	Kittybiome101	Leopard	Shanti	R anal etoh	Anal	Female	0	1		0	0			
A250	A250	A250	AGCACGAGCCTA	YATGCTGCCTCCCGTAGGAGT	5.5	0.73	9.27	Kittybiome101	Leopard	Shanti	Fecal	Fecal	Female	0	1		0	0			
A251	A251	A251	AGCACGAGCCTA	YATGCTGCCTCCCGTAGGAGT	0.18	22.22	0.0	Kittybiome101	Cheetah	Hurricane	Rectal	Rectal	Female	0	1		0	0			
A252	A252	A252	AGCACGAGCCTA	YATGCTGCCTCCCGTAGGAGT	2.5	1.6	8.4	Kittybiome101	Cheetah	Hurricane	Fecal	Fecal	Female	0	1		0	0			
A257	A257	A257	AGCACGAGCCTA	YATGCTGCCTCCCGTAGGAGT	0.18	22.22	0.0	Kittybiome101	Cheetah	Morticia	Rectal	Rectal	Female	0	1		0	0			
A258	A258	A258	AGCACGAGCCTA	YATGCTGCCTCCCGTAGGAGT	38	0.11	9.89	Kittybiome101	Cheetah	Morticia	Fecal	Fecal	Female	0	1		0	0			
A259	A259	A259	AGCACGAGCCTA	YATGCTGCCTCCCGTAGGAGT	0.3	13.33	0.0	Kittybiome101						0	1		0	0			
A26.15	A26.15	A26-15	AGCACGAGCCTA	YATGCTGCCTCCCGTAGGAGT	23.3	0.17	9.83	Kittybiome102	Wild dog 	Jogi	R anal etoh	Anal	Male	0	1		0	0			
A263	A263	A263	AGCACGAGCCTA	YATGCTGCCTCCCGTAGGAGT	1.75	2.29	7.71	Kittybiome101	Cheetah	Wednesday 	Rectal	Rectal	Female	0	1		0	0			
A265	A265	A265	AGCACGAGCCTA	YATGCTGCCTCCCGTAGGAGT	0.59	6.78	3.22	Kittybiome101	Cheetah	Buttons	Rectal	Rectal	Female	0	1		0	0			
A266	A266	A266	AGCACGAGCCTA	YATGCTGCCTCCCGTAGGAGT	0.15	26.67	0.0	Kittybiome101	Cheetah	Curly	Rectal	Rectal	Female	0	1		0	0			
A28.15	A28.15	A28-15	AGCACGAGCCTA	YATGCTGCCTCCCGTAGGAGT	9.48	0.42	9.58	Kittybiome102	Cheetah 	Peanut	Rectal	Rectal	Male	0	1		0	0			
A29.15	A29.15	A29-15	AGCACGAGCCTA	YATGCTGCCTCCCGTAGGAGT	5.58	0.72	9.28	Kittybiome102	Cheetah 	Raisin	Rectal	Rectal	Male	0	1		0	0			
A3.15	A3.15	A30-15	AGCACGAGCCTA	YATGCTGCCTCCCGTAGGAGT	0.15	26.67	0.0	Kittybiome102	Lion	Kilimanjaro	L anal etoh	Anal	Male	0	1		0	0			
A30.15	A30.15	A3-15	AGCACGAGCCTA	YATGCTGCCTCCCGTAGGAGT	0.287	13.94	0.0	Kittybiome102	Cheetah 	Raisin	L anal etoh	Anal	Male	0	1		0	0			
A32.15	A32.15	A32-15	AGCACGAGCCTA	YATGCTGCCTCCCGTAGGAGT	too low	40.0	0.0	Kittybiome102	Cheetah 	Raisin	R anal etoh	Anal	Male	0	1		0	0			
A34.15	A34.15	A34-15	AGCACGAGCCTA	YATGCTGCCTCCCGTAGGAGT	10.1	0.4	9.6	Kittybiome102						0	1		0	0			
A36.15	A36.15	A36-15	AGCACGAGCCTA	YATGCTGCCTCCCGTAGGAGT	4.7	0.85	9.15	Kittybiome102	Cheetah 	Peanut	L anal etoh	Anal	Male	0	1		0	0			
A38.15	A38.15	A38-15	AGCACGAGCCTA	YATGCTGCCTCCCGTAGGAGT	0.36	11.11	0.0	Kittybiome102	Cheetah 	Peanut	R anal etoh	Anal	Male	0	1		0	0			
A39.15	A39.15	A39-15	AGCACGAGCCTA	YATGCTGCCTCCCGTAGGAGT	13	0.31	9.69	Kittybiome102	Cheetah 	Peanut	Gastric	Gastric	Male	0	1		0	0			
A40.15	A40.15	A40-15	AGCACGAGCCTA	YATGCTGCCTCCCGTAGGAGT	5.42	0.74	9.26	Kittybiome102	Cheetah 	Raisin	Gastric	Gastric	Male	0	1		0	0			
A41.15	A41.15	A41-15	AGCACGAGCCTA	YATGCTGCCTCCCGTAGGAGT	16.2	0.25	9.75	Kittybiome102	Cheetah 	Hoover	Rectal	Rectal	Female	0	1		0	0			
A42.15	A42.15	A42-15	AGCACGAGCCTA	YATGCTGCCTCCCGTAGGAGT	3.02	1.32	8.68	Kittybiome102	Cheetah 	Dyson	Rectal	Rectal	Male	0	1		0	0			
A43.15	A43.15	A43-15	AGCACGAGCCTA	YATGCTGCCTCCCGTAGGAGT	0.23	17.39	0.0	Kittybiome101	Cheetah 	Dyson	L anal etoh	Anal	Male	0	1		0	0			
A43.15.2	A43.15.2	A43-15.2	AGCACGAGCCTA	YATGCTGCCTCCCGTAGGAGT	0.15	26.67	0.0	Kittybiome102	Cheetah 	Dyson	L anal etoh	Anal	Male	0	1		0	0			
A44.15	A44.15	A44-15	AGCACGAGCCTA	YATGCTGCCTCCCGTAGGAGT	0.15	26.67	0.0	Kittybiome102	Cheetah 	Dyson	R anal etoh	Anal	Male	0	1		0	0			
A47.15	A47.15	A47-15	AGCACGAGCCTA	YATGCTGCCTCCCGTAGGAGT	17.3	0.23	9.77	Kittybiome102	Cheetah 	Dyson	Gastric	Gastric	Male	0	1		0	0			
A49.15	A49.15	A49-15	AGCACGAGCCTA	YATGCTGCCTCCCGTAGGAGT	0.431	9.28	0.72	Kittybiome102	Cheetah 	Hoover	R anal etoh	Anal	Female	0	1		0	0			
A5.15	A5.15	A51-15	AGCACGAGCCTA	YATGCTGCCTCCCGTAGGAGT	7.96	0.5	9.5	Kittybiome102	Lion	Kilimanjaro	R anal etoh	Anal	Male	0	1		0	0			
A51.15	A51.15	A5-15	AGCACGAGCCTA	YATGCTGCCTCCCGTAGGAGT	1.03	3.88	6.12	Kittybiome102	Cheetah 	Hoover	L anal etoh	Anal	Female	0	1		0	0			
A52.15	A52.15	A52-15	AGCACGAGCCTA	YATGCTGCCTCCCGTAGGAGT	13.7	0.29	9.71	Kittybiome102	Cheetah 	Hoover	Gastric	Gastric	Female	0	1		0	0			
A53.15	A53.15	A53-15	AGCACGAGCCTA	YATGCTGCCTCCCGTAGGAGT	62.2	0.06	9.94	Kittybiome102	Cheetah 	Aprilia	Rectal	Rectal	Female 	0	1		0	0			
A54.14	A54.14	A54-14	AGCACGAGCCTA	YATGCTGCCTCCCGTAGGAGT	9.64	0.41	9.59	Kittybiome102	Cheetah 	Ducati	Rectal	Rectal	Female 	0	1		0	0			
A55.15	A55.15	A55-15	AGCACGAGCCTA	YATGCTGCCTCCCGTAGGAGT	0.25	16.0	0.0	Kittybiome101	Cheetah 	Aprilia	L anal etoh	Anal	Female 	0	1		0	0			
A55.15.2	A55.15.2	A55-15.2	AGCACGAGCCTA	YATGCTGCCTCCCGTAGGAGT	1.43	2.8	7.2	Kittybiome102	Cheetah 	Aprilia	L anal etoh	Anal	Female 	0	1		0	0			
A57.15	A57.15	A57-15	AGCACGAGCCTA	YATGCTGCCTCCCGTAGGAGT	0.1	40.0	0.0	Kittybiome101	Cheetah 	Aprilia	R anal etoh	Anal	Female 	0	1		0	0			
A57.15.2	A57.15.2	A57-15.2	AGCACGAGCCTA	YATGCTGCCTCCCGTAGGAGT	too low	40.0	0.0	Kittybiome102	Cheetah 	Aprilia	R anal etoh	Anal	Female 	0	1		0	0			
A59.15	A59.15	A59-15	AGCACGAGCCTA	YATGCTGCCTCCCGTAGGAGT	1.44	2.78	7.22	Kittybiome102	Cheetah 	Aprilia	Gastric	Gastric	Female 	0	1		0	0			
A60.15	A60.15	A60-15	AGCACGAGCCTA	YATGCTGCCTCCCGTAGGAGT	0.1	40.0	0.0	Kittybiome101	Cheetah 	Ducati	L anal etoh	Anal	Female 	0	1		0	0			
A60.15.2	A60.15.2	A60-15.2	AGCACGAGCCTA	YATGCTGCCTCCCGTAGGAGT	0.12	33.33	0.0	Kittybiome102	Cheetah 	Ducati	L anal etoh	Anal	Female 	0	1		0	0			
A62.15	A62.15	A62-15	AGCACGAGCCTA	YATGCTGCCTCCCGTAGGAGT	0.872	4.59	5.41	Kittybiome102	Cheetah 	Ducati	R anal etoh	Anal	Female 	0	1		0	0			
A64.15	A64.15	A64-15	AGCACGAGCCTA	YATGCTGCCTCCCGTAGGAGT	3	1.33	8.67	Kittybiome102	Cheetah 	Ducati	Gastric	Gastric	Female 	0	1		0	0			
A65.15	A65.15	A65-15	AGCACGAGCCTA	YATGCTGCCTCCCGTAGGAGT	53.4	0.07	9.93	Kittybiome102	Cheetah 	Ducati	Fecal	Fecal	Female 	0	1		0	0			
A66.15	A66.15	A66-15	AGCACGAGCCTA	YATGCTGCCTCCCGTAGGAGT	55.4	0.07	9.93	Kittybiome102	Cheetah 	Starsky	Rectal	Rectal	Male	0	1		0	0			
A67.15	A67.15	A67-15	AGCACGAGCCTA	YATGCTGCCTCCCGTAGGAGT	7.55	0.53	9.47	Kittybiome101	Cheetah 	Harley	Rectal	Rectal	Male	0	1		0	0			
A68.15	A68.15	A68-15	AGCACGAGCCTA	YATGCTGCCTCCCGTAGGAGT	0.13	30.77	0.0	Kittybiome101	Cheetah 	Harley	L anal etoh	Anal	Male	0	1		0	0			
A68.15.2	A68.15.2	A68-15.2	AGCACGAGCCTA	YATGCTGCCTCCCGTAGGAGT	too low	40.0	0.0	Kittybiome102	Cheetah 	Harley	L anal etoh	Anal	Male	0	1		0	0			
A7.15	A7.15	A7-15	AGCACGAGCCTA	YATGCTGCCTCCCGTAGGAGT	10.8	0.37	9.63	Kittybiome102	Lion	Shenzi	Fecal	Fecal	Male	0	1		0	0			
A70.15	A70.15	A70-15	AGCACGAGCCTA	YATGCTGCCTCCCGTAGGAGT	0.1	40.0	0.0	Kittybiome101	Cheetah 	Harley	R anal etoh	Anal	Male	0	1		0	0			
A70.15.2	A70.15.2	A70-15.2	AGCACGAGCCTA	YATGCTGCCTCCCGTAGGAGT	too low	40.0	0.0	Kittybiome102	Cheetah 	Harley	R anal etoh	Anal	Male	0	1		0	0			
A72.15	A72.15	A72-15	AGCACGAGCCTA	YATGCTGCCTCCCGTAGGAGT	36	0.11	9.89	Kittybiome102	Cheetah 	Starsky	Gastric	Gastric	Male	0	1		0	0			
A73.15	A73.15	A73-15	AGCACGAGCCTA	YATGCTGCCTCCCGTAGGAGT	0.1	40.0	0.0	Kittybiome101	Cheetah 	Starsky	L anal etoh	Anal	Male	0	1		0	0			
A75.15	A75.15	A75-15	AGCACGAGCCTA	YATGCTGCCTCCCGTAGGAGT	0.25	16.0	0.0	Kittybiome101	Cheetah 	Starsky	R anal etoh	Anal	Male	0	1		0	0			
A77.15	A77.15	A77-15	AGCACGAGCCTA	YATGCTGCCTCCCGTAGGAGT	31.3	0.13	9.87	Kittybiome102	Cheetah 	Harley	Gastric	Gastric	Male	0	1		0	0			
A78.15	A78.15	A78-15	AGCACGAGCCTA	YATGCTGCCTCCCGTAGGAGT	6.8	0.59	9.41	Kittybiome101	Cheetah 	Harley	anal etoh	Anal	Male	0	1		0	0			
A79.15	A79.15	A79-15	AGCACGAGCCTA	YATGCTGCCTCCCGTAGGAGT	100	0.04	9.96	Kittybiome101	Cheetah 	Sniper	Rectal	Rectal	Male	0	1		0	0			
A8.15	A8.15	A8-15	AGCACGAGCCTA	YATGCTGCCTCCCGTAGGAGT	0.19	21.05	0.0	Kittybiome101	Lion	Shenzi	L anal etoh	Anal	Male	0	1		0	0			
A8.15.2	A8.15.2	A8-15.2	AGCACGAGCCTA	YATGCTGCCTCCCGTAGGAGT	2.24	1.79	8.21	Kittybiome102	Lion	Shenzi	L anal etoh	Anal	Male	0	1		0	0			
A80.15	A80.15	A80-15	AGCACGAGCCTA	YATGCTGCCTCCCGTAGGAGT	84	0.05	9.95	Kittybiome101	Cheetah 	Quattro	Rectal	Rectal	Male	0	1		0	0			
A80.15.2	A80.15.2	A80-15.2	AGCACGAGCCTA	YATGCTGCCTCCCGTAGGAGT	6.03	0.66	9.34	Kittybiome102	Cheetah 	Quattro	Rectal	Rectal	Male	0	1		0	0			
A81.15	A81.15	A81-15	AGCACGAGCCTA	YATGCTGCCTCCCGTAGGAGT	0.416	9.62	0.38	Kittybiome102	Cheetah 	Sniper	L anal etoh	Anal	Male	0	1		0	0			
A83.15	A83.15	A83-15	AGCACGAGCCTA	YATGCTGCCTCCCGTAGGAGT	0.46	8.7	1.3	Kittybiome101	Cheetah 	Sniper	R anal etoh	Anal	Male	0	1		0	0			
A83.15.2	A83.15.2	A83-15.2	AGCACGAGCCTA	YATGCTGCCTCCCGTAGGAGT	0.15	26.67	-16.67	Kittybiome102	Cheetah 	Sniper	R anal etoh	Anal	Male	0	1		0	0			
A85.15	A85.15	A85-15	AGCACGAGCCTA	YATGCTGCCTCCCGTAGGAGT	50.5	0.08	9.92	Kittybiome102	Cheetah 	Sniper	Gastric	Gastric	Male	0	1		0	0			
A86.15	A86.15	A86-15	AGCACGAGCCTA	YATGCTGCCTCCCGTAGGAGT	5.9	0.68	9.32	Kittybiome101	Cheetah 	Quattro	L anal etoh	Anal	Male	0	1		0	0			
A88.15.2	A88.15.2	A88-15	AGCACGAGCCTA	YATGCTGCCTCCCGTAGGAGT	1.09	3.67	6.33	Kittybiome101	Cheetah 	Quattro	L anal etoh	Anal	Male	0	1		0	0			
A90.15	A90.15	A90-15	AGCACGAGCCTA	YATGCTGCCTCCCGTAGGAGT	37.9	0.11	9.89	Kittybiome102	Cheetah 	Quattro	Gastric	Gastric	Male	0	1		0	0			
A91.15	A91.15	A91-15	AGCACGAGCCTA	YATGCTGCCTCCCGTAGGAGT	17.2	0.23	9.77	Kittybiome101	Cheetah 	Spitfire	Rectal	Rectal	Male	0	1		0	0			
A92.15	A92.15	A92-15	AGCACGAGCCTA	YATGCTGCCTCCCGTAGGAGT	0.1	40.0	0.0	Kittybiome101	Cheetah 	Spitfire	L anal etoh	Anal	Male	0	1		0	0			
A94.15	A94.15	A94-15	AGCACGAGCCTA	YATGCTGCCTCCCGTAGGAGT	0.77	5.19	4.81	Kittybiome101	Cheetah 	Spitfire	R anal etoh	Anal	Male	0	1		0	0			
A96.15	A96.15	A96-15	AGCACGAGCCTA	YATGCTGCCTCCCGTAGGAGT	10.45	0.38	9.62	Kittybiome102	Cheetah 	Spitfire	Gastric	Gastric	Male	0	1		0	0			
A97.15	A97.15	A97-15	AGCACGAGCCTA	YATGCTGCCTCCCGTAGGAGT	4.73	0.85	9.15	Kittybiome102	Cheetah 	Ruff	Rectal	Rectal	Male	0	1		0	0			
A98.15	A98.15	A98-15	AGCACGAGCCTA	YATGCTGCCTCCCGTAGGAGT	0.1	40.0	0.0	Kittybiome101	Cheetah 	Ruff	L anal etoh	Anal	Male	0	1		1	0			
B1	B1	B1	AGCACGAGCCTA	YATGCTGCCTCCCGTAGGAGT	2.28	1.75	8.25	Kittybiome101	Domestic cat			Fecal		0	0		1	0			
B1.2	B1.2	B1.2	AGCACGAGCCTA	YATGCTGCCTCCCGTAGGAGT	0	40.0	0.0	Kittybiome102	Domestic cat			Fecal		0	0		1	0			
B10	B10	B10	AGCACGAGCCTA	YATGCTGCCTCCCGTAGGAGT	10.3	0.39	9.61	Kittybiome101	Domestic cat			Fecal		0	0		1	0			
B10.2	B10.2	B10.2	AGCACGAGCCTA	YATGCTGCCTCCCGTAGGAGT		40.0	0.0	Kittybiome102	Domestic cat			Fecal		0	0		1	0			
B100	B100	B100	AGCACGAGCCTA	YATGCTGCCTCCCGTAGGAGT	0.613	6.53	3.47	Kittybiome102	Domestic cat			Rectal		1	1		1	0			
B101	B101	B101	AGCACGAGCCTA	YATGCTGCCTCCCGTAGGAGT	8.38	0.48	9.52	Kittybiome101	Domestic cat			Rectal		1	1		1	0			
B102	B102	B102	AGCACGAGCCTA	YATGCTGCCTCCCGTAGGAGT	0.88	4.55	5.45	Kittybiome101	Domestic cat			Rectal		1	1		1	0			
B103	B103	B103	AGCACGAGCCTA	YATGCTGCCTCCCGTAGGAGT	0.1	40.0	0.0	Kittybiome101	Domestic cat			Rectal		1	1		1	0			
B103.2	B103.2	B103.2	AGCACGAGCCTA	YATGCTGCCTCCCGTAGGAGT	too low	40.0	0.0	Kittybiome102	Domestic cat			Rectal		1	1		1	0			
B104	B104	B104	AGCACGAGCCTA	YATGCTGCCTCCCGTAGGAGT	4.57	0.88	9.12	Kittybiome101	Domestic cat			Rectal		1	1		1	0			
B105	B105	B105	AGCACGAGCCTA	YATGCTGCCTCCCGTAGGAGT	6.37	0.63	9.37	Kittybiome101	Domestic cat			Rectal		1	1		1	0			
B106	B106	B106	AGCACGAGCCTA	YATGCTGCCTCCCGTAGGAGT	18.9	0.21	9.79	Kittybiome101	Domestic cat			Rectal		1	1		1	0			
B107	B107	B107	AGCACGAGCCTA	YATGCTGCCTCCCGTAGGAGT	0.16	25.0	0.0	Kittybiome102	Domestic cat			Anal		1	1		1	0			
B108	B108	B108	AGCACGAGCCTA	YATGCTGCCTCCCGTAGGAGT	0.1	40.0	0.0	Kittybiome101	Domestic cat			Rectal		1	1		1	0			
B108.2	B108.2	B108.2	AGCACGAGCCTA	YATGCTGCCTCCCGTAGGAGT	too low	40.0	0.0	Kittybiome102	Domestic cat			Rectal		1	1		1	0			
B109	B109	B109	AGCACGAGCCTA	YATGCTGCCTCCCGTAGGAGT	1.41	2.84	7.16	Kittybiome101	Domestic cat			Rectal		0	0		1	0			
B11	B11	B11	AGCACGAGCCTA	YATGCTGCCTCCCGTAGGAGT	24.2	0.17	9.83	Kittybiome101	Domestic cat			Rectal		1	1		1	0			
B11.2	B11.2	B11.2	AGCACGAGCCTA	YATGCTGCCTCCCGTAGGAGT		40.0	0.0	Kittybiome102	Domestic cat			Rectal		1	1		1	0			
B110	B110	B110	AGCACGAGCCTA	YATGCTGCCTCCCGTAGGAGT	0.507	7.89	2.11	Kittybiome102	Domestic cat			Rectal		0	0		1	0			
B111	B111	B111	AGCACGAGCCTA	YATGCTGCCTCCCGTAGGAGT	18.1	0.22	9.78	Kittybiome101	Domestic cat			Rectal		0	0		1	0			
B112	B112	B112	AGCACGAGCCTA	YATGCTGCCTCCCGTAGGAGT	1.59	2.52	7.48	Kittybiome102	Domestic cat			Fecal		0	0		1	0			
B113	B113	B113	AGCACGAGCCTA	YATGCTGCCTCCCGTAGGAGT	6.38	0.63	9.37	Kittybiome102	Domestic cat			Fecal		1	1		1	0			
B114	B114	B114	AGCACGAGCCTA	YATGCTGCCTCCCGTAGGAGT	3.89	1.03	8.97	Kittybiome102	Domestic cat			Fecal		1	1		1	0			
B115	B115	B115	AGCACGAGCCTA	YATGCTGCCTCCCGTAGGAGT	3.24	1.23	8.77	Kittybiome102	Domestic cat			Fecal		0	0		1	0			
B116	B116	B116	AGCACGAGCCTA	YATGCTGCCTCCCGTAGGAGT	1.71	2.34	7.66	Kittybiome102	Domestic cat			Fecal		1	1		1	0			
B117	B117	B117	AGCACGAGCCTA	YATGCTGCCTCCCGTAGGAGT	1.41	2.84	7.16	Kittybiome101	Domestic cat			Fecal		1	1		1	0			
B117.2	B117.2	B117.2	AGCACGAGCCTA	YATGCTGCCTCCCGTAGGAGT	0.524	7.63	2.37	Kittybiome102	Domestic cat			Fecal		1	1		1	0			
B118	B118	B118	AGCACGAGCCTA	YATGCTGCCTCCCGTAGGAGT	2.09	1.91	8.09	Kittybiome102	Domestic cat			Fecal		1	1		1	0			
B119	B119	B119	AGCACGAGCCTA	YATGCTGCCTCCCGTAGGAGT	2.12	1.89	8.11	Kittybiome102	Domestic cat			Fecal		1	1		1	0			
B12	B12	B12	AGCACGAGCCTA	YATGCTGCCTCCCGTAGGAGT	0.54	7.41	2.59	Kittybiome101	Domestic cat			Anal		1	1		1	0			
B12.2	B12.2	B12.2	AGCACGAGCCTA	YATGCTGCCTCCCGTAGGAGT		40.0	0.0	Kittybiome102	Domestic cat			Anal		1	1		1	0			
B120	B120	B120	AGCACGAGCCTA	YATGCTGCCTCCCGTAGGAGT	1.29	3.1	6.9	Kittybiome102	Domestic cat			Fecal		1	1		1	0			
B121	B121	B121	AGCACGAGCCTA	YATGCTGCCTCCCGTAGGAGT	6.74	0.59	9.41	Kittybiome102	Domestic cat			Fecal		1	1		1	0			
B122	B122	B122	AGCACGAGCCTA	YATGCTGCCTCCCGTAGGAGT	1.47	2.72	7.28	Kittybiome102	Domestic cat			Fecal		0	0		1	0			
B123	B123	B123	AGCACGAGCCTA	YATGCTGCCTCCCGTAGGAGT	1.18	3.39	6.61	Kittybiome101	Domestic cat			Fecal		0	0		1	0			
B124	B124	B124	AGCACGAGCCTA	YATGCTGCCTCCCGTAGGAGT	3.3	1.21	8.79	Kittybiome102	Domestic cat			Fecal		0	0		1	0			
B125	B125	B125	AGCACGAGCCTA	YATGCTGCCTCCCGTAGGAGT	1.25	3.2	6.8	Kittybiome102	Domestic cat			Fecal		1	1		1	0			
B126	B126	B126	AGCACGAGCCTA	YATGCTGCCTCCCGTAGGAGT	0.52	7.69	2.31	Kittybiome101	Domestic cat			Fecal		0	0		1	0			
B127	B127	B127	AGCACGAGCCTA	YATGCTGCCTCCCGTAGGAGT	1.67	2.4	7.6	Kittybiome102	Domestic cat			Fecal		0	0		1	0			
B128	B128	B128	AGCACGAGCCTA	YATGCTGCCTCCCGTAGGAGT	0.555	7.21	2.79	Kittybiome102	Domestic cat			Fecal		1	1		1	0			
B129	B129	B129	AGCACGAGCCTA	YATGCTGCCTCCCGTAGGAGT	1.1	3.64	6.36	Kittybiome102	Domestic cat			Fecal		1	1		1	0			
B13.1	B13	B13	AGCACGAGCCTA	YATGCTGCCTCCCGTAGGAGT	1.18	3.39	6.61	Kittybiome102	Domestic cat			Fecal		1	1		1	0			
B13.2		B13.2	AGCACGAGCCTA	YATGCTGCCTCCCGTAGGAGT	1.18	3.39	6.61	Kittybiome102	Domestic cat			Fecal		1	1		1	0			
B130	B130	B130	AGCACGAGCCTA	YATGCTGCCTCCCGTAGGAGT	3.02	1.32	8.68	Kittybiome102	Domestic cat			Fecal		1	1		1	0			
B131	B131	B131	AGCACGAGCCTA	YATGCTGCCTCCCGTAGGAGT	6.67	0.6	9.4	Kittybiome102	Domestic cat			Fecal		0	0		1	0			
B132	B132	B132	AGCACGAGCCTA	YATGCTGCCTCCCGTAGGAGT	0.14	28.57	0.0	Kittybiome101	Domestic cat			Rectal		1	1		1	0			
B133	B133	B133	AGCACGAGCCTA	YATGCTGCCTCCCGTAGGAGT	0.716	5.59	4.41	Kittybiome102	Domestic cat			Fecal		0	0		1	0			
B134	B134	B134	AGCACGAGCCTA	YATGCTGCCTCCCGTAGGAGT	2.84	1.41	8.59	Kittybiome102	Domestic cat			Fecal		1	1		1	0			
B135	B135	B135	AGCACGAGCCTA	YATGCTGCCTCCCGTAGGAGT	11.7	0.34	9.66	Kittybiome102	Domestic cat			Fecal		1	1		1	0			
B136	B136	B136	AGCACGAGCCTA	YATGCTGCCTCCCGTAGGAGT	0.886	4.51	5.49	Kittybiome102	Domestic cat			Fecal		0	0		1	0			
B137	B137	B137	AGCACGAGCCTA	YATGCTGCCTCCCGTAGGAGT	11.6	0.34	9.66	Kittybiome102	Domestic cat			Fecal		1	1		1	0			
B138	B138	B138	AGCACGAGCCTA	YATGCTGCCTCCCGTAGGAGT	2.41	1.66	8.34	Kittybiome102	Domestic cat			Fecal		1	1		1	0			
B139	B139	B139	AGCACGAGCCTA	YATGCTGCCTCCCGTAGGAGT	1.83	2.19	7.81	Kittybiome102	Domestic cat			Fecal		1	1		1	0			
B14	B14	B14	AGCACGAGCCTA	YATGCTGCCTCCCGTAGGAGT	6.53	0.61	9.39	Kittybiome101	Domestic cat			Rectal		1	1		1	0			
B14.2	B14.2	B14.2	AGCACGAGCCTA	YATGCTGCCTCCCGTAGGAGT		40.0	0.0	Kittybiome102	Domestic cat			Rectal		1	1		1	0			
B140	B140	B140	AGCACGAGCCTA	YATGCTGCCTCCCGTAGGAGT	0.896	4.46	5.54	Kittybiome102	Domestic cat			Fecal		0	0		1	0			
B15	B15	B15	AGCACGAGCCTA	YATGCTGCCTCCCGTAGGAGT	0.816	4.9	5.1	Kittybiome102	Domestic cat			Fecal		0	0		1	0			
B15.2		B15.2	AGCACGAGCCTA	YATGCTGCCTCCCGTAGGAGT	0.816	4.9	5.1	Kittybiome102	Domestic cat			Fecal		0	0		1	0			
B16	B16	B16	AGCACGAGCCTA	YATGCTGCCTCCCGTAGGAGT	0.316	12.66	0.0	Kittybiome102	Domestic cat			Fecal		0	0		1	0			
B16.2		B16.2	AGCACGAGCCTA	YATGCTGCCTCCCGTAGGAGT	0.316	12.66	0.0	Kittybiome102	Domestic cat			Fecal		0	0		1	0			
B17	B17	B17	AGCACGAGCCTA	YATGCTGCCTCCCGTAGGAGT	0.416	9.62	0.38	Kittybiome102	Domestic cat			Fecal		0	0		1	0			
B17.2		B17.2	AGCACGAGCCTA	YATGCTGCCTCCCGTAGGAGT	0.416	9.62	0.38	Kittybiome102	Domestic cat			Fecal		0	0		1	0			
B18	B18	B18	AGCACGAGCCTA	YATGCTGCCTCCCGTAGGAGT	0.463	8.64	1.36	Kittybiome102	Domestic cat			Fecal		0	0		1	0			
B18.2		B18.2	AGCACGAGCCTA	YATGCTGCCTCCCGTAGGAGT	0.463	8.64	1.36	Kittybiome102	Domestic cat			Fecal		0	0		1	0			
B19	B19	B19	AGCACGAGCCTA	YATGCTGCCTCCCGTAGGAGT	0.289	13.84	0.0	Kittybiome102	Domestic cat			Fecal		1	1		1	0			
B19.2		B19.2	AGCACGAGCCTA	YATGCTGCCTCCCGTAGGAGT	0.289	13.84	0.0	Kittybiome102	Domestic cat			Fecal		1	1		1	0			
B2	B2	B2	AGCACGAGCCTA	YATGCTGCCTCCCGTAGGAGT	0.14	28.57	0.0	Kittybiome101	Domestic cat			Anal		1	1		1	0			
B2.2	B2.2	B2.2	AGCACGAGCCTA	YATGCTGCCTCCCGTAGGAGT	0	40.0	0.0	Kittybiome102	Domestic cat			Anal		1	1		1	0			
B20	B20	B20	AGCACGAGCCTA	YATGCTGCCTCCCGTAGGAGT	0.19	21.05	0.0	Kittybiome101	Domestic cat			Anal		0	0		1	0			
B21	B21	B21	AGCACGAGCCTA	YATGCTGCCTCCCGTAGGAGT	0.291	13.75	0.0	Kittybiome102	Domestic cat			Rectal		0	0		1	0			
B22	B22	B22	AGCACGAGCCTA	YATGCTGCCTCCCGTAGGAGT	0.268	14.93	0.0	Kittybiome102	Domestic cat			Fecal		0	0		1	0			
B23	B23	B23	AGCACGAGCCTA	YATGCTGCCTCCCGTAGGAGT	1.12	3.57	6.43	Kittybiome102	Domestic cat			Rectal		0	0		1	0			
B24	B24	B24	AGCACGAGCCTA	YATGCTGCCTCCCGTAGGAGT	0.14	28.57	0.0	Kittybiome101	Domestic cat			Anal		0	0		1	0			
B25	B25	B25	AGCACGAGCCTA	YATGCTGCCTCCCGTAGGAGT	0.1	40.0	0.0	Kittybiome101	Domestic cat			Anal		1	1		1	0			
B26	B26	B26	AGCACGAGCCTA	YATGCTGCCTCCCGTAGGAGT	1.32	3.03	6.97	Kittybiome101	Domestic cat			Rectal		1	1		1	0			
B27	B27	B27	AGCACGAGCCTA	YATGCTGCCTCCCGTAGGAGT	0.1	40.0	0.0	Kittybiome101	Domestic cat			Anal		0	0		1	0			
B27.2	B27.2	B27.2	AGCACGAGCCTA	YATGCTGCCTCCCGTAGGAGT	0.287	13.94	0.0	Kittybiome102	Domestic cat			Anal		0	0		1	0			
B28	B28	B28	AGCACGAGCCTA	YATGCTGCCTCCCGTAGGAGT	0.229	17.47	0.0	Kittybiome102	Domestic cat			Rectal		0	0		1	0			
B29	B29	B29	AGCACGAGCCTA	YATGCTGCCTCCCGTAGGAGT	0.605	6.61	3.39	Kittybiome102	Domestic cat			Fecal		0	0		1	0			
B3	B3	B3	AGCACGAGCCTA	YATGCTGCCTCCCGTAGGAGT	5.31	0.75	9.25	Kittybiome102	Domestic cat			Rectal		0	0		1	0			
B3.2		B3.2	AGCACGAGCCTA	YATGCTGCCTCCCGTAGGAGT	5.31	0.75	9.25	Kittybiome102	Domestic cat			Rectal		0	0		1	0			
B30	B30	B30	AGCACGAGCCTA	YATGCTGCCTCCCGTAGGAGT	0.248	16.13	0.0	Kittybiome102	Domestic cat			Fecal		0	0		1	0			
B31	B31	B31	AGCACGAGCCTA	YATGCTGCCTCCCGTAGGAGT	0.15	26.67	0.0	Kittybiome102	Domestic cat			Fecal		0	0		1	0			
B32	B32	B32	AGCACGAGCCTA	YATGCTGCCTCCCGTAGGAGT	0.1	40.0	0.0	Kittybiome101	Domestic cat			Anal		0	0		1	0			
B33	B33	B33	AGCACGAGCCTA	YATGCTGCCTCCCGTAGGAGT	5.48	0.73	9.27	Kittybiome101	Domestic cat			Rectal		0	0		1	0			
B34	B34	B34	AGCACGAGCCTA	YATGCTGCCTCCCGTAGGAGT	0.52	7.69	2.31	Kittybiome101	Domestic cat			Anal		0	0		1	0			
B35	B35	B35	AGCACGAGCCTA	YATGCTGCCTCCCGTAGGAGT	0.1	40.0	0.0	Kittybiome101	Domestic cat			Anal		0	0		1	0			
B35.2	B35.2	B35.2	AGCACGAGCCTA	YATGCTGCCTCCCGTAGGAGT	too low	40.0	0.0	Kittybiome102	Domestic cat			Anal		0	0		1	0			
B36	B36	B36	AGCACGAGCCTA	YATGCTGCCTCCCGTAGGAGT	6.12	0.65	9.35	Kittybiome101	Domestic cat			Rectal		0	0		1	0			
B37	B37	B37	AGCACGAGCCTA	YATGCTGCCTCCCGTAGGAGT	0.18	22.22	0.0	Kittybiome102	Domestic cat			Rectal		0	0		1	0			
B38	B38	B38	AGCACGAGCCTA	YATGCTGCCTCCCGTAGGAGT	0.1	40.0	0.0	Kittybiome101	Domestic cat			Anal		0	0		1	0			
B38.2	B38.2	B38.2	AGCACGAGCCTA	YATGCTGCCTCCCGTAGGAGT	too low	40.0	0.0	Kittybiome102	Domestic cat			Anal		0	0		1	0			
B39	B39	B39	AGCACGAGCCTA	YATGCTGCCTCCCGTAGGAGT	0.13	30.77	0.0	Kittybiome102	Domestic cat			Rectal		0	0		1	0			
B4	B4	B4	AGCACGAGCCTA	YATGCTGCCTCCCGTAGGAGT	0.083	40.0	0.0	Kittybiome102	Domestic cat			Fecal		0	0		1	0			
B4.2		B4.2	AGCACGAGCCTA	YATGCTGCCTCCCGTAGGAGT	0.083	40.0	0.0	Kittybiome102	Domestic cat			Fecal		0	0		1	0			
B40	B40	B40	AGCACGAGCCTA	YATGCTGCCTCCCGTAGGAGT	0.12	33.33	0.0	Kittybiome102	Domestic cat			Fecal		0	0		1	0			
B41	B41	B41	AGCACGAGCCTA	YATGCTGCCTCCCGTAGGAGT	18.3	0.22	9.78	Kittybiome101	Domestic cat			Rectal		0	0		1	0			
B41.2	B41.2	B41.2	AGCACGAGCCTA	YATGCTGCCTCCCGTAGGAGT	1.76	2.27	7.73	Kittybiome102	Domestic cat			Rectal		0	0		1	0			
B42	B42	B42	AGCACGAGCCTA	YATGCTGCCTCCCGTAGGAGT	0.1	40.0	0.0	Kittybiome101	Domestic cat			Anal		0	0		1	0			
B42.2	B42.2	B42.2	AGCACGAGCCTA	YATGCTGCCTCCCGTAGGAGT	0.14	28.57	0.0	Kittybiome102	Domestic cat			Anal		0	0		1	0			
B43	B43	B43	AGCACGAGCCTA	YATGCTGCCTCCCGTAGGAGT	0.541	7.39	2.61	Kittybiome102	Domestic cat			Fecal		0	0		1	0			
B44	B44	B44	AGCACGAGCCTA	YATGCTGCCTCCCGTAGGAGT	0.11	36.36	0.0	Kittybiome102	Domestic cat			Fecal		0	0		1	0			
B45	B45	B45	AGCACGAGCCTA	YATGCTGCCTCCCGTAGGAGT	1.23	3.25	6.75	Kittybiome102	Domestic cat			Fecal		0	0		1	0			
B46	B46	B46	AGCACGAGCCTA	YATGCTGCCTCCCGTAGGAGT	0.261	15.33	0.0	Kittybiome102	Domestic cat			Fecal		0	0		1	0			
B47	B47	B47	AGCACGAGCCTA	YATGCTGCCTCCCGTAGGAGT	0.949	4.21	5.79	Kittybiome102	Domestic cat			Fecal		0	0		1	0			
B48	B48	B48	AGCACGAGCCTA	YATGCTGCCTCCCGTAGGAGT	0.292	13.7	0.0	Kittybiome102	Domestic cat			Fecal		0	0		1	0			
B49	B49	B49	AGCACGAGCCTA	YATGCTGCCTCCCGTAGGAGT	6.62	0.6	9.4	Kittybiome101	Domestic cat			Fecal		0	0		1	0			
B49.2	B49.2	B49.2	AGCACGAGCCTA	YATGCTGCCTCCCGTAGGAGT	too low	40.0	0.0	Kittybiome102	Domestic cat			Fecal		0	0		1	0			
B5	B5	B5	AGCACGAGCCTA	YATGCTGCCTCCCGTAGGAGT	0.357	11.2	0.0	Kittybiome102	Domestic cat			Fecal		0	0		1	0			
B5.2		B5.2	AGCACGAGCCTA	YATGCTGCCTCCCGTAGGAGT	0.357	11.2	0.0	Kittybiome102	Domestic cat			Fecal		0	0		1	0			
B50	B50	B50	AGCACGAGCCTA	YATGCTGCCTCCCGTAGGAGT	0.247	16.19	0.0	Kittybiome102	Domestic cat			Fecal		0	0		1	0			
B51	B51	B51	AGCACGAGCCTA	YATGCTGCCTCCCGTAGGAGT	0.331	12.08	0.0	Kittybiome102	Domestic cat			Fecal		0	0		1	0			
B52	B52	B52	AGCACGAGCCTA	YATGCTGCCTCCCGTAGGAGT	0.517	7.74	2.26	Kittybiome102	Domestic cat			Fecal		0	0		1	0			
B53	B53	B53	AGCACGAGCCTA	YATGCTGCCTCCCGTAGGAGT	0.15	26.67	0.0	Kittybiome102	Domestic cat			Fecal		0	0		1	0			
B54	B54	B54	AGCACGAGCCTA	YATGCTGCCTCCCGTAGGAGT	0.205	19.51	0.0	Kittybiome102	Domestic cat			Fecal		0	0		1	0			
B55	B55	B55	AGCACGAGCCTA	YATGCTGCCTCCCGTAGGAGT	0.282	14.18	0.0	Kittybiome102	Domestic cat			Fecal		0	0		1	0			
B56	B56	B56	AGCACGAGCCTA	YATGCTGCCTCCCGTAGGAGT	0.228	17.54	0.0	Kittybiome102	Domestic cat			Fecal		0	0		1	0			
B57	B57	B57	AGCACGAGCCTA	YATGCTGCCTCCCGTAGGAGT	0.11	36.36	0.0	Kittybiome102	Domestic cat			Fecal		0	0		1	0			
B58	B58	B58	AGCACGAGCCTA	YATGCTGCCTCCCGTAGGAGT	0.624	6.41	3.59	Kittybiome102	Domestic cat			Fecal		0	0		1	0			
B59	B59	B59	AGCACGAGCCTA	YATGCTGCCTCCCGTAGGAGT	0.915	4.37	5.63	Kittybiome102	Domestic cat			Fecal		0	0		1	0			
B6	B6	B6	AGCACGAGCCTA	YATGCTGCCTCCCGTAGGAGT	0.232	17.24	0.0	Kittybiome102	Domestic cat			Fecal		0	0		1	0			
B6.2		B6.2	AGCACGAGCCTA	YATGCTGCCTCCCGTAGGAGT	0.232	17.24	0.0	Kittybiome102	Domestic cat			Fecal		0	0		1	0			
B60	B60	B60	AGCACGAGCCTA	YATGCTGCCTCCCGTAGGAGT	9.67	0.41	9.59	Kittybiome102	Domestic cat			Fecal		0	0		1	0			
B61	B61	B61	AGCACGAGCCTA	YATGCTGCCTCCCGTAGGAGT	0.1	40.0	0.0	Kittybiome101	Domestic cat			Anal		0	0		1	0			
B61.2	B61.2	B61.2	AGCACGAGCCTA	YATGCTGCCTCCCGTAGGAGT	too low	40.0	0.0	Kittybiome102	Domestic cat			Anal		0	0		1	0			
B62	B62	B62	AGCACGAGCCTA	YATGCTGCCTCCCGTAGGAGT	10.9	0.37	9.63	Kittybiome101	Domestic cat			Rectal		0	0		1	0			
B63	B63	B63	AGCACGAGCCTA	YATGCTGCCTCCCGTAGGAGT	0.14	28.57	0.0	Kittybiome102	Domestic cat			Anal		0	0		1	0			
B64	B64	B64	AGCACGAGCCTA	YATGCTGCCTCCCGTAGGAGT	3.84	1.04	8.96	Kittybiome101	Domestic cat			Rectal		0	0		1	0			
B65	B65	B65	AGCACGAGCCTA	YATGCTGCCTCCCGTAGGAGT	0.41	9.76	0.24	Kittybiome102	Domestic cat			Fecal		0	0		1	0			
B66	B66	B66	AGCACGAGCCTA	YATGCTGCCTCCCGTAGGAGT	0.461	8.68	1.32	Kittybiome102	Domestic cat			Fecal		0	0		1	0			
B67	B67	B67	AGCACGAGCCTA	YATGCTGCCTCCCGTAGGAGT	0.859	4.66	5.34	Kittybiome102	Domestic cat			Fecal		0	0		1	0			
B68	B68	B68	AGCACGAGCCTA	YATGCTGCCTCCCGTAGGAGT	0.576	6.94	3.06	Kittybiome102	Domestic cat			Fecal		0	0		1	0			
B7	B7	B7	AGCACGAGCCTA	YATGCTGCCTCCCGTAGGAGT	0.251	15.94	0.0	Kittybiome102	Domestic cat			Fecal		0	0		1	0			
B7.2		B7.2	AGCACGAGCCTA	YATGCTGCCTCCCGTAGGAGT	0.251	15.94	0.0	Kittybiome102	Domestic cat			Fecal		0	0		1	0			
B70	B70	B70	AGCACGAGCCTA	YATGCTGCCTCCCGTAGGAGT	2.76	1.45	8.55	Kittybiome102	Domestic cat			Fecal		0	0		1	0			
B71	B71	B71	AGCACGAGCCTA	YATGCTGCCTCCCGTAGGAGT	0.12	33.33	0.0	Kittybiome102	Domestic cat			Anal		0	0		1	0			
B72	B72	B72	AGCACGAGCCTA	YATGCTGCCTCCCGTAGGAGT	30.9	0.13	9.87	Kittybiome101	Domestic cat			Rectal		0	0		1	0			
B73	B73	B73	AGCACGAGCCTA	YATGCTGCCTCCCGTAGGAGT	3.02	1.32	8.68	Kittybiome102	Domestic cat			Fecal		0	0		1	0			
B74	B74	B74	AGCACGAGCCTA	YATGCTGCCTCCCGTAGGAGT	5.01	0.8	9.2	Kittybiome101	Domestic cat			Rectal		0	0		1	0			
B75	B75	B75	AGCACGAGCCTA	YATGCTGCCTCCCGTAGGAGT	0.248	16.13	0.0	Kittybiome102	Domestic cat			Anal		0	0		1	0			
B76	B76	B76	AGCACGAGCCTA	YATGCTGCCTCCCGTAGGAGT	22.7	0.18	9.82	Kittybiome101	Domestic cat			Rectal		0	0		1	0			
B77	B77	B77	AGCACGAGCCTA	YATGCTGCCTCCCGTAGGAGT	12.9	0.31	9.69	Kittybiome101	Domestic cat			Rectal		0	0		1	0			
B78	B78	B78	AGCACGAGCCTA	YATGCTGCCTCCCGTAGGAGT	4.3	0.93	9.07	Kittybiome101	Domestic cat			Rectal		0	0		1	0			
B79	B79	B79	AGCACGAGCCTA	YATGCTGCCTCCCGTAGGAGT	10.4	0.38	9.62	Kittybiome101	Domestic cat			Rectal		0	0		1	0			
B8	B8	B8	AGCACGAGCCTA	YATGCTGCCTCCCGTAGGAGT	5.98	0.67	9.33	Kittybiome102	Domestic cat			Rectal		0	0		1	0			
B8.2		B8.2	AGCACGAGCCTA	YATGCTGCCTCCCGTAGGAGT	5.98	0.67	9.33	Kittybiome102	Domestic cat			Rectal		0	0		1	0			
B80	B80	B80	AGCACGAGCCTA	YATGCTGCCTCCCGTAGGAGT	2.45	1.63	8.37	Kittybiome101	Domestic cat			Rectal		1	1		1	0			
B81	B81	B81	AGCACGAGCCTA	YATGCTGCCTCCCGTAGGAGT	0.1	40.0	0.0	Kittybiome101	Domestic cat			Rectal		1	1		1	0			
B81.2	B81.2	B81.2	AGCACGAGCCTA	YATGCTGCCTCCCGTAGGAGT	too low	40.0	0.0	Kittybiome102	Domestic cat			Rectal		1	1		1	0			
B82	B82	B82	AGCACGAGCCTA	YATGCTGCCTCCCGTAGGAGT	3.37	1.19	8.81	Kittybiome102	Domestic cat			Rectal		1	1		1	0			
B83	B83	B83	AGCACGAGCCTA	YATGCTGCCTCCCGTAGGAGT	4.3	0.93	9.07	Kittybiome102	Domestic cat			Rectal		1	1		1	0			
B84	B84	B84	AGCACGAGCCTA	YATGCTGCCTCCCGTAGGAGT	1.99	2.01	7.99	Kittybiome102	Domestic cat			Rectal		1	1		1	0			
B85	B85	B85	AGCACGAGCCTA	YATGCTGCCTCCCGTAGGAGT	0.19	21.05	0.0	Kittybiome102	Domestic cat			Rectal		1	1		1	0			
B86	B86	B86	AGCACGAGCCTA	YATGCTGCCTCCCGTAGGAGT	1.8	2.22	7.78	Kittybiome102	Domestic cat			Rectal		1	1		1	0			
B87	B87	B87	AGCACGAGCCTA	YATGCTGCCTCCCGTAGGAGT	7.95	0.5	9.5	Kittybiome102	Domestic cat			Rectal		1	1		1	0			
B88	B88	B88	AGCACGAGCCTA	YATGCTGCCTCCCGTAGGAGT	1.01	3.96	6.04	Kittybiome102	Domestic cat			Rectal		1	1		1	0			
B89	B89	B89	AGCACGAGCCTA	YATGCTGCCTCCCGTAGGAGT	0.594	6.73	3.27	Kittybiome102	Domestic cat			Rectal		1	1		1	0			
B9	B9	B9	AGCACGAGCCTA	YATGCTGCCTCCCGTAGGAGT	0.471	8.49	1.51	Kittybiome102	Domestic cat			Fecal		0	0		1	0			
B9.2		B9.2	AGCACGAGCCTA	YATGCTGCCTCCCGTAGGAGT	0.471	8.49	1.51	Kittybiome102	Domestic cat			Fecal		0	0		1	0			
B90	B90	B90	AGCACGAGCCTA	YATGCTGCCTCCCGTAGGAGT	1.23	3.25	6.75	Kittybiome102	Domestic cat			Rectal		1	1		1	0			
B91	B91	B91	AGCACGAGCCTA	YATGCTGCCTCCCGTAGGAGT	8.68	0.46	9.54	Kittybiome102	Domestic cat			Rectal		1	1		1	0			
B92	B92	B92	AGCACGAGCCTA	YATGCTGCCTCCCGTAGGAGT	2.54	1.57	8.43	Kittybiome102	Domestic cat			Rectal		1	1		1	0			
B93	B93	B93	AGCACGAGCCTA	YATGCTGCCTCCCGTAGGAGT	3.64	1.1	8.9	Kittybiome102	Domestic cat			Rectal		1	1		1	0			
B94	B94	B94	AGCACGAGCCTA	YATGCTGCCTCCCGTAGGAGT	8.74	0.46	9.54	Kittybiome102	Domestic cat			Rectal		1	1		1	0			
B95	B95	B95	AGCACGAGCCTA	YATGCTGCCTCCCGTAGGAGT	2.74	1.46	8.54	Kittybiome102	Domestic cat			Rectal		1	1		1	0			
B96	B96	B96	AGCACGAGCCTA	YATGCTGCCTCCCGTAGGAGT	0.36	11.11	0.0	Kittybiome102	Domestic cat			Rectal		1	1		1	0			
B97	B97	B97	AGCACGAGCCTA	YATGCTGCCTCCCGTAGGAGT	4.03	0.99	9.01	Kittybiome102	Domestic cat			Rectal		1	1		1	0			
B98	B98	B98	AGCACGAGCCTA	YATGCTGCCTCCCGTAGGAGT	0.419	9.55	0.45	Kittybiome102	Domestic cat			Rectal		1	1		1	0			
B99	B99	B99	AGCACGAGCCTA	YATGCTGCCTCCCGTAGGAGT	1.06	3.77	6.23	Kittybiome102	Domestic cat			Rectal		1	1		1	0			
Cat1		Cat1	ACTGAAGT	GACTGGTT	Cat			Ghana_Cat	Domestic cat			Fecal		0	0		1	0			
Cat10		Cat10	ACTGAAGT	ATCAGAGG	Cat			Ghana_Cat	Domestic cat			Fecal		0	0		1	0			
Cat11		Cat11	ACTGAAGT	AGCAGTCA	Cat			Ghana_Cat	Domestic cat			Fecal		0	0		1	0			
Cat2		Cat2	ACTGAAGT	TTAGCGTT	Cat			Ghana_Cat	Domestic cat			Fecal		0	0		1	0			
Cat3		Cat3	ACTGAAGT	GTAGTCTT	Cat			Ghana_Cat	Domestic cat			Fecal		0	0		1	0			
Cat4		Cat4	ACTGAAGT	TATCGATT	Cat			Ghana_Cat	Domestic cat			Fecal		0	0		1	0			
Cat5		Cat5	ACTGAAGT	CAATTGGT	Cat			Ghana_Cat	Domestic cat			Fecal		0	0		1	0			
Cat6		Cat6	ACTGAAGT	ACTTCAGT	Ashoka			Ghana_Cat	Domestic cat			Fecal		0	0		1	0			
Cat7		Cat7	ACTGAAGT	GCGGCAAT	IBD.Cat			Ghana_Cat	Domestic cat			Fecal		0	0		1	0			
Cat8		Cat8	ACTGAAGT	TAAGGTTG	Cat			Ghana_Cat	Domestic cat			Fecal		0	0		1	0			
Cat9		Cat9	ACTGAAGT	TTATTAGG	Cat			Ghana_Cat	Domestic cat			Fecal		0	0		1	0			
Kitten1		Kitten1	ACTGAAGT	AATCGCCA	Kitten			Ghana_Cat	Domestic cat			Fecal		0	0		1	0			
Kitten10		Kitten10	ATTGCCGC	ATCAGAGG	Kitten			Ghana_Cat	Domestic cat			Fecal		0	0		1	0			
Kitten11		Kitten11	ATTGCCGC	CTCGACCG	Kitten			Ghana_Cat	Domestic cat			Fecal		0	0		1	0			
Kitten12		Kitten12	ATTGCCGC	GCCATTAG	Kitten			Ghana_Cat	Domestic cat			Fecal		0	0		1	0			
Kitten13		Kitten13	ATTGCCGC	CGCATGAG	Kitten			Ghana_Cat	Domestic cat			Fecal		0	0		1	0			
Kitten2		Kitten2	ACTGAAGT	TCGCTGAA	Kitten			Ghana_Cat	Domestic cat			Fecal		0	0		1	0			
Kitten3		Kitten3	ATTGCCGC	GACTGGTT	Kitten			Ghana_Cat	Domestic cat			Fecal		0	0		1	0			
Kitten4		Kitten4	ATTGCCGC	TATCGATT	Kitten			Ghana_Cat	Domestic cat			Fecal		0	0		1	0			
Kitten5		Kitten5	ATTGCCGC	CAATTGGT	Kitten			Ghana_Cat	Domestic cat			Fecal		0	0		1	0			
Kitten6		Kitten6	ATTGCCGC	ACTTCAGT	Kitten			Ghana_Cat	Domestic cat			Fecal		0	0		1	0			
Kitten7		Kitten7	ATTGCCGC	GCGGCAAT	Kitten			Ghana_Cat	Domestic cat			Fecal		0	0		1	0			
Kitten8		Kitten8	ATTGCCGC	TAAGGTTG	Kitten			Ghana_Cat	Domestic cat			Fecal		0	0		1	0			
Kitten9		Kitten9	ATTGCCGC	TTATTAGG	Kitten			Ghana_Cat	Domestic cat			Fecal		0	0		1	0			
LB1	LB1	LB1	AGCACGAGCCTA	YATGCTGCCTCCCGTAGGAGT	0.968	4.13	5.87	Kittybiome102	Domestic cat	Lil Bub		Fecal		0	0		1	0			
lion.Amanzi	lion.Amanzi	lion.Amanzi	AGCACGAGCCTA	YATGCTGCCTCCCGTAGGAGT	1.33	3.01	6.99	Kittybiome102	African lion	Amanzi		Fecal		0	1		1	0			
NC	NC	NC	AGCACGAGCCTA	YATGCTGCCTCCCGTAGGAGT	0.1	40.0	0.0	Kittybiome101	Negative control			Control		0	0		0	0			
NC1	NC1	NC1	AGCACGAGCCTA	YATGCTGCCTCCCGTAGGAGT				Kittybiome102	Negative control			Control		0	0		0	0			
NC2	NC2	NC2	AGCACGAGCCTA	YATGCTGCCTCCCGTAGGAGT				Kittybiome102	Negative control			Control		0	0		0	0			
NC3	NC3	NC3	AGCACGAGCCTA	YATGCTGCCTCCCGTAGGAGT				Kittybiome102	Negative control			Control		0	0		0	0			
NC4	NC4	NC4	AGCACGAGCCTA	YATGCTGCCTCCCGTAGGAGT				Kittybiome102	Negative control			Control		0	0		0	0			
P1	P1	P1	AGCACGAGCCTA	YATGCTGCCTCCCGTAGGAGT	0.45	8.89	1.11	Kittybiome101	Pangolin			Other		0	1		0	0			
P2	P2	P2	AGCACGAGCCTA	YATGCTGCCTCCCGTAGGAGT	3.44	1.16	8.84	Kittybiome101	Pangolin			Other		0	1		0	0			
P3	P3	P3	AGCACGAGCCTA	YATGCTGCCTCCCGTAGGAGT	0.34	11.76	0.0	Kittybiome101	Pangolin			Other		0	1		0	0			
P4	P4	P4	AGCACGAGCCTA	YATGCTGCCTCCCGTAGGAGT	20.4	0.2	9.8	Kittybiome101	Pangolin			Other		0	1		0	0			
P5	P5	P5	AGCACGAGCCTA	YATGCTGCCTCCCGTAGGAGT	10.3	0.39	9.61	Kittybiome101	Pangolin			Other		0	1		0	0			
P6	P6	P6	AGCACGAGCCTA	YATGCTGCCTCCCGTAGGAGT	31.5	0.13	9.87	Kittybiome101	Pangolin			Other		0	1		0	0			
P7	P7	P7	AGCACGAGCCTA	YATGCTGCCTCCCGTAGGAGT	4.01	1.0	9.0	Kittybiome101	Pangolin			Other		0	1		0	0			
PumaA126		PumaA126	ACTGAAGT	AGTTAATA	PumaA			Ghana_Cat	Puma	126		Anal	Female	0	1		0	0			
PumaA138		PumaA138	ACTGAAGT	CGGCCAAC	PumaA			Ghana_Cat	Puma	138		Anal	Female	0	1		0	0			
PumaN138		PumaN138	ACTGAAGT	CGCATGAG	PumaN			Ghana_Cat	Puma	138		Nasal	Female	0	1		0	0			
PumaN139		PumaN139	ACTGAAGT	TGGCATCC	PumaN			Ghana_Cat	Puma	139		Nasal	Female	0	1		0	0			
PumaN37		PumaN137	ACTGAAGT	CTCGACCG	PumaN			Ghana_Cat	Puma	137		Nasal	Female	0	1		0	0			
PumaP137		PumaP137	ACTGAAGT	CCTAATCC	PumaP			Ghana_Cat	Puma	137		Pharyngeal	Female	0	1		0	0			
PumaP138		PumaP138	ACTGAAGT	GCGTAGGC	PumaP			Ghana_Cat	Puma	138		Pharyngeal	Female	0	1		0	0			
PumaP139		PumaP139	ACTGAAGT	CTCCGTTC	PumaP			Ghana_Cat	Puma	139		Pharyngeal	Female	0	1		0	0			
PumaR137		PumaR137	ACTGAAGT	GGTAACGC	Puma			Ghana_Cat	Puma	137		Rectal	Female	0	1		0	0			
PumaR138		PumaR138	ACTGAAGT	GCCATTAG	Puma			Ghana_Cat	Puma	138		Rectal	Female	0	1		0	0			
PumaR139		PumaR139	ACTGAAGT	CAGCCTCC	Puma			Ghana_Cat	Puma	139		Rectal	Female	0	1		0	0			
Queen1		Queen1	ATTGCCGC	TTAGCGTT	Queen			Ghana_Cat	Domestic cat			Fecal		0	0		1	0			
Queen2		Queen2	ATTGCCGC	AGTTAATA	Queen			Ghana_Cat	Domestic cat			Fecal		0	0		1	0			
Queen3		Queen3	ATTGCCGC	AGCAGTCA	Queen			Ghana_Cat	Domestic cat			Fecal		0	0		1	0			
Queen4		Queen4	ATTGCCGC	AATCGCCA	Queen			Ghana_Cat	Domestic cat			Fecal		0	0		1	0			
Queen5		Queen5	ATTGCCGC	TCGCTGAA	Queen			Ghana_Cat	Domestic cat			Fecal		0	0		1	0			
Queen6		Queen6	CAACCTTA	GACTGGTT	Queen			Ghana_Cat	Domestic cat			Fecal		0	0		1	0			
Queen7		Queen7	CAACCTTA	TTAGCGTT	Queen			Ghana_Cat	Domestic cat			Fecal		0	0		1	0			
S..tiger.Jillian	S..tiger.Jillian	S..tiger.Jillian	AGCACGAGCCTA	YATGCTGCCTCCCGTAGGAGT	3.94	1.02	8.98	Kittybiome102	Sumatran tiger	Jillian		Fecal		0	1		1	0			
S..tiger.Leanne	S..tiger.Leanne	S..tiger.Leanne	AGCACGAGCCTA	YATGCTGCCTCCCGTAGGAGT	4.6	0.87	9.13	Kittybiome102	Sumatran tiger	Leanne		Fecal		0	1		1	0			
SFZOO.1	SFZOO.1	SFZOO-1	AGCACGAGCCTA	YATGCTGCCTCCCGTAGGAGT	11.3	0.35	9.65	Kittybiome101	Snow leopard	Ghurka		Fecal		0	1		1	0			
SFZOO.2	SFZOO.2	SFZOO-2	AGCACGAGCCTA	YATGCTGCCTCCCGTAGGAGT	4.86	0.82	9.18	Kittybiome101	Snow leopard	Kelley		Fecal		0	1		1	0			
SFZOO.3	SFZOO.3	SFZOO-3	AGCACGAGCCTA	YATGCTGCCTCCCGTAGGAGT	2.21	1.81	8.19	Kittybiome101	Sumatran tiger	Larry		Fecal		0	1		1	0			
SFZOO.4	SFZOO.4	SFZOO-4	AGCACGAGCCTA	YATGCTGCCTCCCGTAGGAGT	4.08	0.98	9.02	Kittybiome101	Fishing cat	Kiet		Fecal		0	1		1	0			
SFZOO.5	SFZOO.5	SFZOO-5	AGCACGAGCCTA	YATGCTGCCTCCCGTAGGAGT	11.6	0.34	9.66	Kittybiome101	Fishing cat	Goldfish		Fecal		0	1		1	0			
SFZOO.6	SFZOO.6	SFZOO-6	AGCACGAGCCTA	YATGCTGCCTCCCGTAGGAGT	5.65	0.71	9.29	Kittybiome101	Bobcat	Inti		Fecal		0	1		1	0			
SL..80.1.1.wk	SL..80.1.1.wk	SL.-80.1-1.wk	AGCACGAGCCTA	YATGCTGCCTCCCGTAGGAGT	5	0.8	9.2	Kittybiome102	Snow leopard	Rigel		Fecal		0	1		0	1	minus80	7.0	
SL..80.2.1wk	SL..80.2.1wk	SL.-80.2-1wk	AGCACGAGCCTA	YATGCTGCCTCCCGTAGGAGT	4.5	0.89	9.11	Kittybiome102	Snow leopard	Rigel		Fecal		0	1		0	1	minus80	7.0	
SL.1.day.0	SL.Day.0..1	SL.Day.0.#1	AGCACGAGCCTA	YATGCTGCCTCCCGTAGGAGT	9.25	0.43	9.57	Kittybiome102	Snow leopard	Rigel		Fecal		0	1		0	1	fresh	0.0	
SL.100.1.1wk	SL.100.1.1wk	SL.100.1-1wk	AGCACGAGCCTA	YATGCTGCCTCCCGTAGGAGT	3.08	1.3	8.7	Kittybiome102	Snow leopard	Rigel		Fecal		0	1		0	1	100%etoh	7.0	
SL.100.2.1wk	SL.100.2.1wk	SL.100.2-1wk	AGCACGAGCCTA	YATGCTGCCTCCCGTAGGAGT	4.32	0.93	9.07	Kittybiome102	Snow leopard	Rigel		Fecal		0	1		0	1	100%etoh	7.0	
SL.2.day.0	SL.Day.0..2	SL.Day.0.#2	AGCACGAGCCTA	YATGCTGCCTCCCGTAGGAGT	14.8	0.27	9.73	Kittybiome102	Snow leopard	Rigel		Fecal		0	1		0	1	fresh	0.0	
SL.70%.1...1wk	SL.70..1...1wk	SL.70%.1.-.1wk	AGCACGAGCCTA	YATGCTGCCTCCCGTAGGAGT	1.9	2.11	7.89	Kittybiome102	Snow leopard	Rigel		Fecal		0	1		0	1	70%etoh	7.0	
SL.70%.2.1wk	SL.70..2.1wk	SL.70%.2-1wk	AGCACGAGCCTA	YATGCTGCCTCCCGTAGGAGT	3.8	1.05	8.95	Kittybiome102	Snow leopard	Rigel		Fecal		0	1		0	1	70%etoh	7.0	
SL.Dry.1.1wk	SL.Dry.1.1wk	SL.Dry.1-1wk	AGCACGAGCCTA	YATGCTGCCTCCCGTAGGAGT	10.25	0.39	9.61	Kittybiome102	Snow leopard	Rigel		Fecal		0	1		0	1	dry	7.0	
SL.Dry.1.day.4	Dry..1	Dry.#1	AGCACGAGCCTA	YATGCTGCCTCCCGTAGGAGT	0.93	4.31	5.69	Kittybiome102	Snow leopard	Rigel		Fecal		0	1		0	1	dry	4.0	
SL.Dry.2.1wk	SL.Dry.2.1wk	SL.Dry.2-1wk	AGCACGAGCCTA	YATGCTGCCTCCCGTAGGAGT	5.62	0.71	9.29	Kittybiome102	Snow leopard	Rigel		Fecal		0	1		0	1	dry	7.0	
SL.Dry.2.day.4	Dry..2	Dry.#2	AGCACGAGCCTA	YATGCTGCCTCCCGTAGGAGT	0.81	4.92	5.08	Kittybiome102	Snow leopard	Rigel		Fecal		0	1		0	1	dry	4.0	
SL.minus80.1.day.4	minus80..1	minus80.#1	AGCACGAGCCTA	YATGCTGCCTCCCGTAGGAGT	2.1	1.9	8.1	Kittybiome102	Snow leopard	Rigel		Fecal		0	1		0	1	minus80	4.0	
SL.minus80.2.day.4	minus80..2	minus80.#2	AGCACGAGCCTA	YATGCTGCCTCCCGTAGGAGT	3.12	1.28	8.72	Kittybiome102	Snow leopard	Rigel		Fecal		0	1		0	1	minus80	4.0	
SL.RNA.1.1wk	SL.RNA.1.1wk	SL.RNA.1-1wk	AGCACGAGCCTA	YATGCTGCCTCCCGTAGGAGT	9.4	0.43	9.57	Kittybiome102	Snow leopard	Rigel		Fecal		0	1		0	1	RNAlater	7.0	
SL.RNA.2.1wk	SL.RNA.2.1wk	SL.RNA.2-1wk	AGCACGAGCCTA	YATGCTGCCTCCCGTAGGAGT	6.65	0.6	9.4	Kittybiome102	Snow leopard	Rigel		Fecal		0	1		0	1	RNAlater	7.0	
SL.RNAL.1.day.4	RNAL..1	RNAL.#1	AGCACGAGCCTA	YATGCTGCCTCCCGTAGGAGT	5.41	0.74	9.26	Kittybiome102	Snow leopard	Rigel		Fecal		0	1		0	1	RNAlater	4.0	
SL.RNAL2.day.4	RNA:..2	RNAL.#2	AGCACGAGCCTA	YATGCTGCCTCCCGTAGGAGT	5.52	0.72	9.28	Kittybiome102	Snow leopard	Rigel		Fecal		0	1		0	1	RNAlater	4.0	
SL.X.1.1wk	SL.X.1.1wk	SL.X.1-1wk	AGCACGAGCCTA	YATGCTGCCTCCCGTAGGAGT	7.2	0.56	9.44	Kittybiome102	Snow leopard	Rigel		Fecal		0	1		0	1	Xpedition	7.0	
SL.X.2.1wk	SL.X.2.1wk	SL.X.2-1wk	AGCACGAGCCTA	YATGCTGCCTCCCGTAGGAGT	5.5	0.73	9.27	Kittybiome102	Snow leopard	Rigel		Fecal		0	1		0	1	Xpedition	7.0	
SL.Xped.1.day.4.		Xped.#1	AGCACGAGCCTA	YATGCTGCCTCCCGTAGGAGT	4.47	0.89	9.11	Kittybiome102	Snow leopard	Rigel		Fecal		0	1		0	1	Xpedition	4.0	
SL.Xped2.day.4		Xped.#2	AGCACGAGCCTA	YATGCTGCCTCCCGTAGGAGT	6.1	0.66	9.34	Kittybiome102	Snow leopard	Rigel		Fecal		0	1		0	1	Xpedition	4.0	
